"zone","state","lga","sector","ea","hhid","s11aq1","s11aq2"
4,1,115,1,670,10005,1,2
4,1,104,2,1364,10011,1,2
4,1,104,2,1364,10012,1,2
4,1,104,2,1364,10013,1,1
4,1,104,2,1364,10014,2,1
4,1,104,2,1364,10015,1,2
4,1,104,2,1364,10016,1,1
4,1,104,2,1364,10017,1,2
4,1,104,2,1364,10018,1,2
4,1,104,2,1364,10019,1,2
4,1,104,2,1364,10020,1,2
4,1,106,2,880,10021,1,2
4,1,106,2,880,10022,1,2
4,1,106,2,880,10023,1,2
4,1,106,2,880,10024,1,1
4,1,106,2,880,10025,1,1
4,1,106,2,880,10026,1,2
4,1,106,2,880,10027,1,1
4,1,106,2,880,10029,1,2
4,1,106,2,880,10030,1,2
4,1,111,1,1146,10034,1,2
4,1,111,1,1146,10039,1,2
4,1,107,2,1044,10061,1,1
4,1,107,2,1044,10062,1,1
4,1,107,2,1044,10063,1,1
4,1,107,2,1044,10064,1,2
4,1,107,2,1044,10065,1,2
4,1,107,2,1044,10066,1,1
4,1,107,2,1044,10067,1,1
4,1,107,2,1044,10068,1,1
4,1,107,2,1044,10069,1,2
4,1,107,2,1044,10070,1,2
4,1,117,2,560,10071,1,2
4,1,117,2,560,10072,1,1
4,1,117,2,560,10073,1,2
4,1,117,2,560,10074,1,1
4,1,117,2,560,10075,1,1
4,1,117,2,560,10076,1,1
4,1,117,2,560,10077,1,2
4,1,117,2,560,10078,1,2
4,1,117,2,560,10079,1,1
4,1,117,2,560,10080,1,2
4,1,110,2,76,10081,1,1
4,1,110,2,76,10082,1,2
4,1,110,2,76,10084,1,2
4,1,110,2,76,10085,1,2
4,1,110,2,76,10086,1,2
4,1,110,2,76,10087,1,2
4,1,110,2,76,10088,1,2
4,1,105,2,638,10091,1,2
4,1,105,2,638,10092,1,2
4,1,105,2,638,10093,1,2
4,1,105,2,638,10094,1,2
4,1,105,2,638,10095,1,1
4,1,105,2,638,10096,1,1
4,1,105,2,638,10097,1,2
4,1,105,2,638,10099,1,2
4,1,105,2,638,10100,1,2
4,1,108,2,904,10102,1,1
4,1,108,2,904,10103,1,1
4,1,108,2,904,10105,1,2
4,1,108,2,904,10106,1,2
4,1,108,2,904,10107,1,1
4,1,108,2,904,10108,1,2
4,1,108,2,904,10109,1,1
4,1,108,2,904,10110,1,2
2,2,209,2,1040,20001,1,2
2,2,209,2,1040,20002,1,1
2,2,209,2,1040,20003,1,1
2,2,209,2,1040,20004,1,1
2,2,209,2,1040,20005,1,2
2,2,209,2,1040,20006,1,1
2,2,209,2,1040,20007,1,1
2,2,209,2,1040,20008,1,2
2,2,209,2,1040,20009,1,2
2,2,209,2,1040,20010,1,1
2,2,221,2,18,20011,1,2
2,2,221,2,18,20014,1,2
2,2,221,2,18,20015,1,1
2,2,221,2,18,20016,1,1
2,2,221,2,18,20017,1,2
2,2,221,2,18,20018,1,2
2,2,221,2,18,20020,1,1
2,2,201,2,60,20021,1,2
2,2,201,2,60,20022,1,2
2,2,201,2,60,20023,1,1
2,2,201,2,60,20027,1,2
2,2,201,2,60,20028,1,2
2,2,201,2,60,20029,1,2
2,2,216,2,200,20031,1,2
2,2,216,2,200,20032,1,2
2,2,216,2,200,20033,1,1
2,2,216,2,200,20034,1,1
2,2,216,2,200,20035,1,2
2,2,216,2,200,20036,1,2
2,2,216,2,200,20037,1,2
2,2,216,2,200,20038,1,1
2,2,216,2,200,20039,1,2
2,2,216,2,200,20040,1,2
2,2,203,2,1224,20041,1,2
2,2,203,2,1224,20042,1,2
2,2,203,2,1224,20043,1,1
2,2,203,2,1224,20044,1,1
2,2,203,2,1224,20045,1,2
2,2,203,2,1224,20046,1,1
2,2,203,2,1224,20047,1,1
2,2,203,2,1224,20048,1,2
2,2,203,2,1224,20049,1,2
2,2,203,2,1224,20050,1,1
2,2,212,2,956,20051,1,1
2,2,212,2,956,20052,1,2
2,2,212,2,956,20053,1,1
2,2,212,2,956,20054,1,1
2,2,212,2,956,20055,1,2
2,2,212,2,956,20056,1,1
2,2,212,2,956,20057,1,1
2,2,212,2,956,20058,1,1
2,2,212,2,956,20059,1,2
2,2,212,2,956,20060,1,1
2,2,210,2,1300,20061,1,1
2,2,210,2,1300,20062,1,1
2,2,210,2,1300,20063,1,2
2,2,210,2,1300,20064,1,2
2,2,210,2,1300,20065,,1
2,2,210,2,1300,20066,1,1
2,2,210,2,1300,20067,1,1
2,2,210,2,1300,20068,1,2
2,2,210,2,1300,20069,1,1
2,2,210,2,1300,20070,1,1
2,2,214,2,898,20072,1,1
2,2,214,2,898,20073,1,2
2,2,214,2,898,20074,1,1
2,2,214,2,898,20075,1,1
2,2,214,2,898,20077,1,1
2,2,214,2,898,20078,2,2
2,2,214,2,898,20080,1,2
2,2,215,1,8,20081,1,2
2,2,215,1,8,20082,1,1
2,2,215,1,8,20083,1,2
2,2,215,1,8,20085,1,2
2,2,215,1,8,20086,1,2
2,2,215,1,8,20087,2,2
2,2,215,1,8,20088,1,2
2,2,215,1,8,20089,1,1
2,2,215,1,8,20090,1,1
2,2,207,2,1302,20091,1,2
2,2,207,2,1302,20092,2,1
2,2,207,2,1302,20093,1,1
2,2,207,2,1302,20094,1,2
2,2,207,2,1302,20095,1,2
2,2,207,2,1302,20096,1,1
2,2,207,2,1302,20097,1,2
2,2,207,2,1302,20098,1,2
2,2,207,2,1302,20099,1,2
2,2,207,2,1302,20100,1,1
2,2,205,2,712,20101,1,1
2,2,205,2,712,20102,1,2
2,2,205,2,712,20103,1,2
2,2,205,2,712,20104,1,1
2,2,205,2,712,20105,1,2
2,2,205,2,712,20106,1,1
2,2,205,2,712,20107,1,2
2,2,205,2,712,20108,1,2
2,2,205,2,712,20109,1,1
2,2,205,2,712,20110,1,1
2,2,218,2,1592,20111,1,2
2,2,218,2,1592,20112,1,2
2,2,218,2,1592,20113,1,2
2,2,218,2,1592,20114,1,2
2,2,218,2,1592,20115,1,1
2,2,218,2,1592,20116,1,2
2,2,218,2,1592,20117,,
2,2,218,2,1592,20118,1,2
2,2,218,2,1592,20119,1,2
2,2,218,2,1592,20120,1,2
5,3,331,1,2322,30001,1,1
5,3,331,1,2322,30005,1,2
5,3,331,1,516,30011,1,1
5,3,331,1,516,30020,1,2
5,3,316,2,874,30021,1,2
5,3,316,2,874,30026,1,2
5,3,316,2,874,30028,1,2
5,3,309,2,478,30032,1,2
5,3,309,2,478,30033,1,1
5,3,309,2,478,30038,1,2
5,3,309,2,478,30040,1,1
5,3,307,1,634,30042,2,2
5,3,307,1,634,30043,1,1
5,3,307,1,634,30045,1,1
5,3,307,1,634,30047,1,1
5,3,307,1,634,30048,1,2
5,3,307,1,634,30049,1,1
5,3,321,2,364,30052,1,2
5,3,321,2,364,30054,1,1
5,3,321,2,364,30056,1,1
5,3,321,2,364,30057,1,2
5,3,321,2,364,30058,1,1
5,3,321,2,364,30059,1,2
5,3,321,2,364,30060,1,1
5,3,329,2,696,30061,1,1
5,3,329,2,696,30062,1,2
5,3,329,2,696,30063,1,1
5,3,329,2,696,30065,1,2
5,3,329,2,696,30067,1,1
5,3,329,2,696,30069,1,2
5,3,329,2,696,30070,1,2
5,3,323,2,580,30071,1,1
5,3,323,2,580,30072,1,2
5,3,323,2,580,30073,1,2
5,3,323,2,580,30074,1,1
5,3,323,2,580,30075,1,1
5,3,323,2,580,30076,1,1
5,3,323,2,580,30077,1,1
5,3,323,2,580,30078,1,1
5,3,323,2,580,30080,1,2
5,3,318,2,1136,30084,1,1
5,3,318,2,1136,30087,1,1
5,3,318,2,1136,30088,1,1
5,3,318,2,1136,30089,1,1
5,3,318,2,1136,30090,1,1
5,3,313,2,70,30091,1,1
5,3,313,2,70,30093,1,1
5,3,313,2,70,30094,1,1
5,3,313,2,70,30096,1,2
5,3,313,2,70,30097,1,2
5,3,313,2,70,30098,1,2
5,3,313,2,70,30099,1,2
5,3,313,2,70,30100,1,2
5,3,301,1,1198,30101,1,1
5,3,301,1,1198,30102,1,2
5,3,301,1,1198,30104,1,1
5,3,301,1,1198,30105,1,1
5,3,301,1,1198,30108,1,2
5,3,301,1,1198,30109,1,2
5,3,301,1,1198,30110,1,2
5,3,326,2,74,30111,1,2
5,3,326,2,74,30112,1,2
5,3,326,2,74,30113,1,1
5,3,326,2,74,30115,1,2
5,3,326,2,74,30116,1,2
5,3,326,2,74,30117,1,2
5,3,326,2,74,30119,1,2
5,3,326,2,74,30120,1,2
5,3,305,2,1542,30121,1,1
5,3,305,2,1542,30122,1,2
5,3,305,2,1542,30123,1,2
5,3,305,2,1542,30124,1,2
5,3,305,2,1542,30125,1,1
5,3,305,2,1542,30126,1,2
5,3,305,2,1542,30127,1,2
5,3,305,2,1542,30128,1,1
5,3,305,2,1542,30129,1,2
5,3,305,2,1542,30130,1,1
5,3,312,2,20,30131,1,2
5,3,312,2,20,30132,1,2
5,3,312,2,20,30133,1,1
5,3,312,2,20,30134,1,1
5,3,312,2,20,30135,1,1
5,3,312,2,20,30136,1,2
5,3,312,2,20,30137,1,
5,3,312,2,20,30138,1,2
5,3,312,2,20,30139,1,2
5,3,312,2,20,30140,1,1
5,3,305,2,4,30141,1,1
5,3,305,2,4,30142,1,1
5,3,305,2,4,30143,1,2
5,3,305,2,4,30144,1,2
5,3,305,2,4,30145,1,1
5,3,305,2,4,30147,1,2
5,3,305,2,4,30148,1,1
5,3,305,2,4,30149,1,1
4,4,414,1,2176,40031,1,2
4,4,414,1,2176,40033,1,1
4,4,414,1,2176,40034,1,1
4,4,414,1,2176,40037,1,2
4,4,415,1,2108,40041,1,1
4,4,415,1,2108,40042,1,2
4,4,415,1,2108,40043,1,2
4,4,415,1,2108,40044,1,2
4,4,415,1,2108,40045,1,2
4,4,415,1,2108,40046,1,2
4,4,415,1,2108,40047,1,2
4,4,415,1,2108,40049,1,1
4,4,415,1,2108,40050,1,2
4,4,413,2,1540,40051,1,2
4,4,413,2,1540,40053,1,2
4,4,413,2,1540,40054,1,2
4,4,413,2,1540,40055,1,1
4,4,413,2,1540,40056,1,1
4,4,413,2,1540,40058,2,1
4,4,413,2,1540,40060,1,1
4,4,405,2,722,40061,1,2
4,4,405,2,722,40062,1,2
4,4,405,2,722,40063,1,1
4,4,405,2,722,40064,1,1
4,4,405,2,722,40065,1,2
4,4,405,2,722,40066,1,1
4,4,405,2,722,40067,1,2
4,4,405,2,722,40068,1,2
4,4,405,2,722,40069,1,2
4,4,405,2,722,40070,1,2
4,4,405,2,484,40071,1,1
4,4,405,2,484,40072,1,2
4,4,405,2,484,40073,1,2
4,4,405,2,484,40074,1,1
4,4,405,2,484,40075,1,1
4,4,405,2,484,40076,1,2
4,4,405,2,484,40077,1,2
4,4,405,2,484,40078,1,2
4,4,405,2,484,40079,1,2
4,4,405,2,484,40080,1,2
4,4,419,2,296,40081,1,1
4,4,419,2,296,40082,1,1
4,4,419,2,296,40083,1,2
4,4,419,2,296,40084,1,2
4,4,419,2,296,40085,1,2
4,4,419,2,296,40086,1,1
4,4,419,2,296,40087,1,2
4,4,419,2,296,40088,1,2
4,4,419,2,296,40089,1,2
4,4,419,2,296,40090,1,2
4,4,401,1,1460,40091,1,2
4,4,401,1,1460,40093,1,1
4,4,401,1,1460,40094,1,1
4,4,401,1,1460,40095,1,2
4,4,401,1,1460,40096,1,2
4,4,401,1,1460,40097,1,2
4,4,401,1,1460,40098,1,2
4,4,401,1,1460,40099,1,1
4,4,412,2,2592,40101,1,2
4,4,412,2,2592,40103,1,2
4,4,412,2,2592,40104,1,2
4,4,412,2,2592,40105,1,2
4,4,412,2,2592,40106,1,2
4,4,412,2,2592,40107,1,2
4,4,412,2,2592,40108,1,2
4,4,412,2,2592,40109,1,2
4,4,412,2,2592,40110,1,2
4,4,412,2,1606,40111,1,2
4,4,412,2,1606,40112,1,2
4,4,412,2,1606,40116,1,2
4,4,412,2,1606,40119,1,2
4,4,410,2,4036,40122,1,2
4,4,410,2,4036,40123,1,2
4,4,410,2,4036,40124,1,2
4,4,410,2,4036,40125,1,2
4,4,410,2,4036,40126,1,2
4,4,410,2,4036,40128,1,2
4,4,410,2,4036,40129,1,2
4,4,410,2,4036,40130,1,2
4,4,407,2,796,40131,1,2
4,4,407,2,796,40132,1,1
4,4,407,2,796,40133,1,2
4,4,407,2,796,40134,1,2
4,4,407,2,796,40135,1,2
4,4,407,2,796,40136,1,2
4,4,407,2,796,40137,1,1
4,4,407,2,796,40138,1,1
4,4,407,2,796,40139,1,1
4,4,407,2,796,40140,1,2
4,4,410,1,3192,40141,1,2
4,4,410,1,3192,40142,1,2
4,4,410,1,3192,40144,1,2
4,4,410,1,3192,40145,1,2
4,4,410,1,3192,40146,1,2
4,4,410,1,3192,40147,1,1
4,4,410,1,3192,40148,1,1
4,4,410,1,3192,40149,1,1
4,4,410,1,3414,40151,1,2
4,4,410,1,3414,40152,1,1
4,4,410,1,3414,40155,1,2
4,4,410,1,3414,40156,1,2
4,4,410,1,3414,40158,1,1
4,4,410,1,3414,40159,2,1
4,4,410,1,3414,40160,1,2
4,4,401,1,738,40161,1,1
4,4,401,1,738,40162,1,2
4,4,401,1,738,40163,1,1
4,4,401,1,738,40164,1,1
4,4,401,1,738,40165,1,1
4,4,401,1,738,40166,1,2
4,4,401,1,738,40167,1,2
4,4,401,1,738,40168,1,2
4,4,401,1,738,40169,1,2
4,4,401,1,738,40170,1,2
4,4,421,1,800,40171,2,2
4,4,421,1,800,40172,1,2
4,4,421,1,800,40174,1,2
4,4,421,1,800,40176,1,2
4,4,421,1,800,40177,2,1
4,4,421,1,800,40178,1,1
4,4,421,1,800,40179,1,2
4,4,421,1,800,40180,1,1
4,4,411,1,1486,40181,1,2
4,4,411,1,1486,40182,1,2
4,4,411,1,1486,40183,1,2
4,4,411,1,1486,40184,1,2
4,4,411,1,1486,40185,1,2
4,4,411,1,1486,40186,1,2
4,4,411,1,1486,40187,1,2
4,4,411,1,1486,40188,1,2
4,4,411,1,1486,40189,1,2
4,4,411,1,1486,40190,1,2
4,4,401,2,2106,40191,1,2
4,4,401,2,2106,40192,1,2
4,4,401,2,2106,40193,1,2
4,4,401,2,2106,40194,1,1
4,4,401,2,2106,40195,1,2
4,4,401,2,2106,40196,1,2
4,4,401,2,2106,40197,1,2
4,4,401,2,2106,40198,1,1
4,4,401,2,2106,40199,1,2
4,4,401,2,2106,40200,1,2
4,4,402,2,1080,40201,1,2
4,4,402,2,1080,40202,1,2
4,4,402,2,1080,40204,1,2
4,4,402,2,1080,40205,1,2
4,4,402,2,1080,40206,1,2
4,4,402,2,1080,40207,1,2
4,4,402,2,1080,40208,1,2
4,4,402,2,1080,40209,1,2
4,4,402,2,1080,40210,1,2
4,4,403,2,836,40212,1,2
4,4,403,2,836,40213,1,2
4,4,403,2,836,40214,1,2
4,4,403,2,836,40215,1,2
4,4,403,2,836,40216,1,2
4,4,403,2,836,40217,1,2
4,4,403,2,836,40218,1,2
4,4,403,2,836,40219,1,2
4,4,403,2,836,40220,1,2
2,5,506,2,830,50001,1,2
2,5,506,2,830,50002,1,1
2,5,506,2,830,50003,1,2
2,5,506,2,830,50004,1,1
2,5,506,2,830,50006,1,1
2,5,506,2,830,50007,1,2
2,5,506,2,830,50008,1,2
2,5,506,2,830,50009,1,1
2,5,506,2,830,50010,1,2
2,5,502,1,2194,50011,2,2
2,5,502,1,2194,50013,2,2
2,5,502,1,2194,50016,1,1
2,5,515,2,18,50021,1,1
2,5,515,2,18,50022,1,1
2,5,515,2,18,50023,1,2
2,5,515,2,18,50024,1,1
2,5,515,2,18,50025,1,1
2,5,515,2,18,50026,1,1
2,5,515,2,18,50027,1,1
2,5,515,2,18,50028,1,2
2,5,515,2,18,50029,1,1
2,5,515,2,18,50030,1,2
2,5,502,2,3878,50031,1,1
2,5,502,2,3878,50032,1,1
2,5,502,2,3878,50033,1,2
2,5,502,2,3878,50034,1,1
2,5,502,2,3878,50035,1,2
2,5,502,2,3878,50036,1,2
2,5,502,2,3878,50037,1,2
2,5,502,2,3878,50038,1,2
2,5,502,2,3878,50039,1,2
2,5,502,2,3878,50040,1,1
2,5,504,2,708,50041,1,1
2,5,504,2,708,50042,1,1
2,5,504,2,708,50043,1,2
2,5,504,2,708,50044,1,2
2,5,504,2,708,50045,1,2
2,5,504,2,708,50046,1,2
2,5,504,2,708,50047,1,2
2,5,504,2,708,50048,1,1
2,5,504,2,708,50049,1,2
2,5,504,2,708,50050,1,2
2,5,513,2,348,50051,1,1
2,5,513,2,348,50052,1,2
2,5,513,2,348,50053,1,2
2,5,513,2,348,50054,1,2
2,5,513,2,348,50055,1,2
2,5,513,2,348,50056,1,2
2,5,513,2,348,50057,1,2
2,5,513,2,348,50058,1,2
2,5,513,2,348,50059,1,2
2,5,513,2,348,50060,1,2
2,5,514,2,710,50061,1,2
2,5,514,2,710,50062,1,2
2,5,514,2,710,50063,1,1
2,5,514,2,710,50064,1,2
2,5,514,2,710,50065,1,2
2,5,514,2,710,50066,1,2
2,5,514,2,710,50067,1,1
2,5,514,2,710,50068,1,1
2,5,514,2,710,50069,1,1
2,5,514,2,710,50070,1,2
2,5,501,2,60,50071,1,2
2,5,501,2,60,50072,1,1
2,5,501,2,60,50073,1,2
2,5,501,2,60,50074,1,2
2,5,501,2,60,50075,1,1
2,5,501,2,60,50076,1,2
2,5,501,2,60,50077,1,2
2,5,501,2,60,50079,1,2
2,5,501,2,60,50080,1,2
2,5,516,2,942,50081,1,2
2,5,516,2,942,50082,1,2
2,5,516,2,942,50083,1,2
2,5,516,2,942,50084,1,2
2,5,516,2,942,50085,1,1
2,5,516,2,942,50086,1,1
2,5,516,2,942,50087,1,1
2,5,516,2,942,50088,1,2
2,5,516,2,942,50089,1,1
2,5,516,2,942,50090,1,2
2,5,508,2,984,50091,1,2
2,5,508,2,984,50092,1,2
2,5,508,2,984,50093,1,2
2,5,508,2,984,50094,1,2
2,5,508,2,984,50095,1,2
2,5,508,2,984,50096,1,2
2,5,508,2,984,50097,1,1
2,5,508,2,984,50098,1,2
2,5,508,2,984,50099,1,2
2,5,508,2,984,50100,1,2
2,5,514,1,2036,50101,2,2
2,5,514,1,2036,50102,1,2
2,5,514,1,2036,50103,2,2
2,5,514,1,2036,50107,1,2
2,5,514,1,2036,50109,1,1
2,5,514,1,2036,50110,1,2
2,5,508,2,718,50111,1,1
2,5,508,2,718,50112,1,2
2,5,508,2,718,50113,1,1
2,5,508,2,718,50114,1,2
2,5,508,2,718,50115,2,2
2,5,508,2,718,50116,1,2
2,5,508,2,718,50117,1,1
2,5,508,2,718,50118,1,2
2,5,508,2,718,50119,1,2
2,5,508,2,718,50120,1,2
2,5,510,1,872,50121,1,2
2,5,510,1,872,50124,1,2
2,5,510,1,872,50125,1,1
2,5,510,1,872,50126,1,2
2,5,510,1,872,50127,1,2
2,5,518,2,1588,50131,1,2
2,5,518,2,1588,50132,1,2
2,5,518,2,1588,50133,1,2
2,5,518,2,1588,50134,1,1
2,5,518,2,1588,50135,1,2
2,5,518,2,1588,50136,1,1
2,5,518,2,1588,50137,1,2
2,5,518,2,1588,50138,1,2
2,5,518,2,1588,50139,1,2
2,5,518,2,1588,50140,1,2
2,5,510,2,1516,50141,1,2
2,5,510,2,1516,50142,1,1
2,5,510,2,1516,50143,1,1
2,5,510,2,1516,50144,1,1
2,5,510,2,1516,50145,1,2
2,5,510,2,1516,50146,1,1
2,5,510,2,1516,50147,1,2
2,5,510,2,1516,50148,1,1
2,5,510,2,1516,50149,1,1
2,5,510,2,1516,50150,1,1
2,5,518,2,1304,50151,1,2
2,5,518,2,1304,50152,1,2
2,5,518,2,1304,50153,1,2
2,5,518,2,1304,50154,1,2
2,5,518,2,1304,50155,1,2
2,5,518,2,1304,50157,1,2
2,5,518,2,1304,50158,1,1
2,5,518,2,1304,50159,1,2
2,5,518,2,1304,50160,1,2
2,5,520,2,1756,50161,1,1
2,5,520,2,1756,50162,1,1
2,5,520,2,1756,50163,1,1
2,5,520,2,1756,50164,1,1
2,5,520,2,1756,50165,1,1
2,5,520,2,1756,50166,1,2
2,5,520,2,1756,50167,1,1
2,5,520,2,1756,50168,1,2
2,5,520,2,1756,50169,1,2
2,5,520,2,1756,50170,1,2
5,6,602,2,1356,60003,1,2
5,6,602,2,1356,60004,1,2
5,6,602,2,1356,60005,1,1
5,6,602,2,1356,60008,1,2
5,6,602,2,1356,60009,1,1
5,6,602,2,1356,60010,1,2
5,6,606,2,1372,60015,1,2
5,6,606,2,1372,60016,1,2
5,6,606,2,1372,60017,1,2
5,6,606,2,1372,60019,1,2
5,6,606,2,1372,60020,1,2
5,6,608,1,3978,60021,1,2
5,6,608,1,3978,60022,1,2
5,6,608,1,3978,60025,1,2
5,6,608,1,3978,60026,1,2
5,6,608,1,3978,60027,1,2
5,6,608,1,3978,60028,1,2
5,6,608,1,3978,60029,1,2
5,6,608,1,3978,60030,1,2
5,6,607,2,1892,60037,1,2
5,6,607,2,1892,60038,2,1
5,6,607,2,1892,60040,1,2
5,6,601,2,640,60048,2,2
1,7,707,2,560,70001,1,1
1,7,707,2,560,70002,1,1
1,7,707,2,560,70003,1,1
1,7,707,2,560,70004,1,1
1,7,707,2,560,70006,1,2
1,7,707,2,560,70007,1,1
1,7,707,2,560,70008,1,1
1,7,707,2,560,70009,1,1
1,7,707,2,560,70010,1,1
1,7,708,2,754,70011,1,2
1,7,708,2,754,70012,1,1
1,7,708,2,754,70013,1,1
1,7,708,2,754,70014,1,1
1,7,708,2,754,70015,1,1
1,7,708,2,754,70016,1,1
1,7,708,2,754,70017,1,2
1,7,708,2,754,70018,1,1
1,7,708,2,754,70019,1,1
1,7,708,2,754,70020,1,1
1,7,705,2,4186,70021,1,1
1,7,705,2,4186,70022,1,2
1,7,705,2,4186,70023,1,1
1,7,705,2,4186,70024,1,1
1,7,705,2,4186,70025,1,1
1,7,705,2,4186,70026,1,1
1,7,705,2,4186,70027,1,1
1,7,705,2,4186,70028,1,1
1,7,705,2,4186,70029,1,2
1,7,705,2,4186,70030,1,2
1,7,722,2,234,70031,1,1
1,7,722,2,234,70032,1,1
1,7,722,2,234,70033,1,2
1,7,722,2,234,70034,1,1
1,7,722,2,234,70035,1,2
1,7,722,2,234,70036,1,1
1,7,722,2,234,70037,1,2
1,7,722,2,234,70038,1,1
1,7,722,2,234,70039,1,1
1,7,722,2,234,70040,1,1
1,7,722,2,892,70041,1,1
1,7,722,2,892,70042,1,1
1,7,722,2,892,70043,1,2
1,7,722,2,892,70044,1,2
1,7,722,2,892,70045,1,2
1,7,722,2,892,70046,1,1
1,7,722,2,892,70047,1,1
1,7,722,2,892,70048,1,1
1,7,722,2,892,70049,1,1
1,7,722,2,892,70050,1,1
1,7,710,2,2726,70051,1,1
1,7,710,2,2726,70052,1,2
1,7,710,2,2726,70053,1,1
1,7,710,2,2726,70054,1,2
1,7,710,2,2726,70055,1,2
1,7,710,2,2726,70056,1,1
1,7,710,2,2726,70057,1,1
1,7,710,2,2726,70058,1,2
1,7,710,2,2726,70059,1,1
1,7,710,2,2726,70060,1,1
1,7,711,2,2532,70061,1,2
1,7,711,2,2532,70062,1,2
1,7,711,2,2532,70063,1,1
1,7,711,2,2532,70064,1,1
1,7,711,2,2532,70066,1,2
1,7,711,2,2532,70067,1,1
1,7,711,2,2532,70068,1,1
1,7,711,2,2532,70069,1,1
1,7,711,2,2532,70070,1,1
1,7,709,2,1226,70071,1,1
1,7,709,2,1226,70072,1,2
1,7,709,2,1226,70073,1,1
1,7,709,2,1226,70074,1,2
1,7,709,2,1226,70075,1,1
1,7,709,2,1226,70076,1,1
1,7,709,2,1226,70077,1,1
1,7,709,2,1226,70078,1,1
1,7,709,2,1226,70079,1,1
1,7,709,2,1226,70080,1,1
1,7,719,1,1612,70083,1,1
1,7,719,1,1612,70084,1,1
1,7,719,1,1612,70088,1,1
1,7,717,2,1248,70091,1,1
1,7,717,2,1248,70092,1,1
1,7,717,2,1248,70093,1,1
1,7,717,2,1248,70094,1,1
1,7,717,2,1248,70095,1,1
1,7,717,2,1248,70096,1,1
1,7,717,2,1248,70097,1,1
1,7,717,2,1248,70098,1,1
1,7,717,2,1248,70099,1,1
1,7,717,2,1248,70100,1,1
1,7,701,2,606,70101,1,1
1,7,701,2,606,70102,1,1
1,7,701,2,606,70103,1,1
1,7,701,2,606,70104,1,1
1,7,701,2,606,70105,1,1
1,7,701,2,606,70106,1,1
1,7,701,2,606,70107,1,1
1,7,701,2,606,70108,1,1
1,7,701,2,606,70109,1,1
1,7,701,2,606,70110,1,1
1,7,702,2,632,70111,1,1
1,7,702,2,632,70112,1,1
1,7,702,2,632,70113,1,1
1,7,702,2,632,70114,1,1
1,7,702,2,632,70115,1,1
1,7,702,2,632,70116,1,1
1,7,702,2,632,70117,1,1
1,7,702,2,632,70118,1,1
1,7,702,2,632,70119,1,1
1,7,702,2,632,70120,1,1
1,7,718,2,1640,70121,1,1
1,7,718,2,1640,70122,1,1
1,7,718,2,1640,70123,1,1
1,7,718,2,1640,70124,1,1
1,7,718,2,1640,70125,1,1
1,7,718,2,1640,70126,1,1
1,7,718,2,1640,70127,1,1
1,7,718,2,1640,70128,1,1
1,7,718,2,1640,70129,1,1
1,7,718,2,1640,70130,1,1
1,7,715,2,780,70131,1,1
1,7,715,2,780,70132,1,1
1,7,715,2,780,70133,1,1
1,7,715,2,780,70134,1,1
1,7,715,2,780,70135,1,1
1,7,715,2,780,70136,1,1
1,7,715,2,780,70137,1,1
1,7,715,2,780,70138,1,1
1,7,715,2,780,70139,1,1
1,7,715,2,780,70140,1,1
1,7,715,1,294,70141,1,2
1,7,715,1,294,70142,1,1
1,7,715,1,294,70143,1,1
1,7,715,1,294,70150,1,1
1,7,713,2,304,70154,1,1
1,7,713,2,304,70156,2,2
1,7,713,2,304,70157,1,1
2,8,821,1,1448,80011,1,2
2,8,821,1,1448,80012,1,2
2,8,821,1,1448,80013,1,2
2,8,821,1,1448,80014,1,2
2,8,821,1,1448,80015,1,2
2,8,821,1,1448,80016,1,2
2,8,821,1,1448,80018,1,2
2,8,821,1,1448,80019,1,2
2,8,821,1,1448,80020,1,2
2,8,821,1,5062,80023,1,2
2,8,821,1,5062,80025,,
2,8,821,1,5062,80026,,
2,8,821,1,5062,80028,2,2
2,8,821,1,5062,80030,1,1
2,8,816,2,1270,80031,1,2
2,8,816,2,1270,80032,1,2
2,8,816,2,1270,80033,1,1
2,8,816,2,1270,80034,1,1
2,8,816,2,1270,80035,1,2
2,8,816,2,1270,80036,1,2
2,8,816,2,1270,80037,1,2
2,8,816,2,1270,80038,1,2
2,8,816,2,1270,80039,1,1
2,8,816,2,1270,80040,1,1
2,8,803,1,944,80041,1,2
2,8,803,1,944,80043,1,2
2,8,803,1,944,80044,1,1
2,8,803,1,944,80045,,
2,8,803,1,944,80047,1,2
2,8,803,1,944,80048,1,2
2,8,803,1,944,80049,2,2
2,8,811,1,1558,80051,1,2
2,8,811,1,1558,80053,1,2
2,8,811,1,1558,80054,1,2
2,8,811,1,1558,80055,1,2
2,8,811,1,1558,80057,1,2
2,8,811,1,1558,80058,1,2
2,8,811,1,1558,80059,1,2
2,8,811,1,1558,80060,1,2
2,8,811,2,390,80061,1,2
2,8,811,2,390,80062,1,2
2,8,811,2,390,80063,1,1
2,8,811,2,390,80064,1,1
2,8,811,2,390,80065,,
2,8,811,2,390,80066,1,2
2,8,811,2,390,80067,1,2
2,8,811,2,390,80068,1,2
2,8,811,2,390,80070,1,2
2,8,802,2,1152,80071,1,2
2,8,802,2,1152,80072,1,1
2,8,802,2,1152,80073,1,2
2,8,802,2,1152,80074,1,2
2,8,802,2,1152,80075,1,2
2,8,802,2,1152,80076,1,2
2,8,802,2,1152,80077,1,2
2,8,802,2,1152,80078,1,2
2,8,802,2,1152,80079,1,2
2,8,802,2,1152,80080,1,1
2,8,812,2,866,80081,1,1
2,8,812,2,866,80082,1,2
2,8,812,2,866,80083,1,2
2,8,812,2,866,80084,1,2
2,8,812,2,866,80085,1,2
2,8,812,2,866,80086,1,2
2,8,812,2,866,80087,1,2
2,8,812,2,866,80088,1,2
2,8,812,2,866,80089,1,2
2,8,812,2,866,80090,1,2
2,8,805,2,46,80091,1,1
2,8,805,2,46,80095,1,2
2,8,805,2,46,80098,1,2
2,8,805,2,46,80099,1,2
2,8,805,2,46,80100,,
2,8,827,2,804,80101,1,1
2,8,827,2,804,80102,1,2
2,8,827,2,804,80103,1,2
2,8,827,2,804,80104,1,2
2,8,827,2,804,80105,1,2
2,8,827,2,804,80106,1,2
2,8,827,2,804,80107,1,2
2,8,827,2,804,80108,1,2
2,8,827,2,804,80109,1,2
2,8,827,2,804,80110,1,2
2,8,807,2,946,80111,1,2
2,8,807,2,946,80112,1,2
2,8,807,2,946,80113,1,2
2,8,807,2,946,80114,1,1
2,8,807,2,946,80115,1,2
2,8,807,2,946,80116,1,2
2,8,807,2,946,80117,1,2
2,8,807,2,946,80118,1,2
2,8,807,2,946,80119,1,2
2,8,807,2,946,80120,1,2
2,8,807,2,2396,80121,1,2
2,8,807,2,2396,80122,1,2
2,8,807,2,2396,80123,1,2
2,8,807,2,2396,80124,1,2
2,8,807,2,2396,80125,1,1
2,8,807,2,2396,80126,1,2
2,8,807,2,2396,80127,1,1
2,8,807,2,2396,80128,1,1
2,8,807,2,2396,80129,1,2
2,8,807,2,2396,80130,1,2
2,8,807,2,1438,80131,1,2
2,8,807,2,1438,80132,1,1
2,8,807,2,1438,80133,1,2
2,8,807,2,1438,80134,1,2
2,8,807,2,1438,80135,1,2
2,8,807,2,1438,80136,1,2
2,8,807,2,1438,80137,1,2
2,8,807,2,1438,80138,1,1
2,8,807,2,1438,80139,1,2
2,8,807,2,1438,80140,1,1
2,8,820,2,1030,80141,1,2
2,8,820,2,1030,80142,1,2
2,8,820,2,1030,80143,1,2
2,8,820,2,1030,80144,1,1
2,8,820,2,1030,80145,1,2
2,8,820,2,1030,80146,1,1
2,8,820,2,1030,80147,1,2
2,8,820,2,1030,80148,1,2
2,8,820,2,1030,80149,1,2
2,8,820,2,1030,80150,1,2
2,8,824,2,768,80151,1,2
2,8,824,2,768,80156,1,2
2,8,824,2,768,80159,1,2
2,8,824,2,768,80160,1,2
2,8,817,1,2476,80167,,
2,8,823,2,548,80171,1,1
2,8,823,2,548,80172,1,2
2,8,823,2,548,80173,1,2
2,8,823,2,548,80174,1,2
2,8,823,2,548,80175,1,2
2,8,823,2,548,80176,1,2
2,8,823,2,548,80177,1,2
2,8,823,2,548,80178,1,2
2,8,823,2,548,80179,1,2
2,8,823,2,548,80180,1,2
2,8,809,2,1748,80181,1,1
2,8,809,2,1748,80182,1,2
2,8,809,2,1748,80183,1,2
2,8,809,2,1748,80184,1,2
2,8,809,2,1748,80185,1,2
2,8,809,2,1748,80186,1,2
2,8,809,2,1748,80187,1,2
2,8,809,2,1748,80188,1,2
2,8,809,2,1748,80190,1,2
2,8,826,2,926,80191,1,2
2,8,826,2,926,80192,1,2
2,8,826,2,926,80193,1,2
2,8,826,2,926,80194,1,2
2,8,826,2,926,80195,1,1
2,8,826,2,926,80196,1,2
2,8,826,2,926,80197,1,2
2,8,826,2,926,80198,1,2
2,8,826,2,926,80199,1,2
2,8,826,2,926,80200,1,2
2,8,815,2,362,80201,1,1
2,8,815,2,362,80202,1,2
2,8,815,2,362,80203,1,2
2,8,815,2,362,80206,1,2
2,8,815,2,362,80207,1,2
2,8,815,2,362,80208,1,2
5,9,908,1,278,90010,,
5,9,903,2,48,90011,,
5,9,903,2,48,90014,1,2
5,9,903,2,48,90015,1,2
5,9,903,2,48,90016,1,2
5,9,903,2,48,90018,1,2
5,9,903,2,48,90019,1,2
5,9,903,2,48,90020,1,2
5,9,915,1,1390,90021,1,2
5,9,915,1,1390,90022,1,2
5,9,915,1,1390,90025,1,2
5,9,915,1,1390,90026,1,1
5,9,915,1,1390,90027,1,2
5,9,915,1,1390,90028,1,1
5,9,915,1,1390,90029,1,2
5,9,915,1,1390,90030,1,2
5,9,917,1,1254,90031,1,1
5,9,917,1,1254,90032,1,2
5,9,917,1,1254,90033,1,2
5,9,917,1,1254,90035,1,2
5,9,917,1,1254,90036,1,1
5,9,917,1,1254,90037,1,2
5,9,917,1,1254,90038,1,1
5,9,917,1,1254,90039,1,2
5,9,917,1,1254,90040,1,2
5,9,901,2,398,90041,1,1
5,9,901,2,398,90042,1,2
5,9,901,2,398,90043,1,2
5,9,901,2,398,90044,1,1
5,9,901,2,398,90045,1,1
5,9,901,2,398,90046,1,2
5,9,901,2,398,90047,1,2
5,9,901,2,398,90048,1,1
5,9,901,2,398,90049,1,2
5,9,910,2,200,90051,1,2
5,9,910,2,200,90052,1,2
5,9,910,2,200,90053,1,2
5,9,910,2,200,90054,1,2
5,9,910,2,200,90055,1,2
5,9,910,2,200,90056,1,1
5,9,910,2,200,90057,1,1
5,9,910,2,200,90058,1,1
5,9,910,2,200,90059,1,2
5,9,910,2,200,90060,1,2
5,9,907,2,1446,90061,1,1
5,9,907,2,1446,90062,1,1
5,9,907,2,1446,90063,1,1
5,9,907,2,1446,90064,1,2
5,9,907,2,1446,90065,1,2
5,9,907,2,1446,90066,1,1
5,9,907,2,1446,90067,1,1
5,9,907,2,1446,90068,1,2
5,9,907,2,1446,90069,1,1
5,9,907,2,1446,90070,1,1
5,9,912,2,102,90071,1,1
5,9,912,2,102,90072,1,2
5,9,912,2,102,90073,1,2
5,9,912,2,102,90074,1,1
5,9,912,2,102,90075,1,2
5,9,912,2,102,90076,1,1
5,9,912,2,102,90077,1,1
5,9,912,2,102,90078,1,2
5,9,912,2,102,90079,1,1
5,9,912,2,102,90080,1,1
5,9,916,2,1068,90081,1,1
5,9,916,2,1068,90082,1,1
5,9,916,2,1068,90083,1,1
5,9,916,2,1068,90084,1,1
5,9,916,2,1068,90085,1,1
5,9,916,2,1068,90086,1,2
5,9,916,2,1068,90087,1,1
5,9,916,2,1068,90088,1,1
5,9,916,2,1068,90089,1,1
5,9,916,2,1068,90090,1,1
5,9,918,2,834,90091,1,1
5,9,918,2,834,90092,1,1
5,9,918,2,834,90093,1,1
5,9,918,2,834,90094,1,1
5,9,918,2,834,90095,1,1
5,9,918,2,834,90096,1,2
5,9,918,2,834,90097,1,1
5,9,918,2,834,90098,1,2
5,9,918,2,834,90099,1,1
5,9,918,2,834,90100,1,1
5,9,905,2,978,90101,1,2
5,9,905,2,978,90102,1,1
5,9,905,2,978,90103,1,1
5,9,905,2,978,90104,1,2
5,9,905,2,978,90106,1,1
5,9,905,2,978,90107,1,2
5,9,905,2,978,90108,1,1
5,9,905,2,978,90109,1,1
5,9,905,2,978,90110,1,1
5,9,914,2,1746,90111,1,2
5,9,914,2,1746,90112,1,1
5,9,914,2,1746,90113,1,1
5,9,914,2,1746,90114,1,1
5,9,914,2,1746,90115,1,1
5,9,914,2,1746,90116,1,1
5,9,914,2,1746,90117,1,1
5,9,914,2,1746,90118,1,1
5,9,914,2,1746,90119,1,2
5,9,914,2,1746,90120,1,1
5,9,913,2,2266,90121,1,2
5,9,913,2,2266,90122,1,2
5,9,913,2,2266,90123,1,2
5,9,913,2,2266,90124,1,2
5,9,913,2,2266,90125,1,2
5,9,913,2,2266,90126,1,2
5,9,913,2,2266,90127,1,2
5,9,913,2,2266,90128,1,2
5,9,913,2,2266,90129,1,2
5,9,913,2,2266,90130,1,2
5,10,1014,2,80,100001,2,2
5,10,1014,2,80,100002,1,2
5,10,1014,2,80,100003,1,2
5,10,1014,2,80,100004,,
5,10,1014,2,80,100005,1,2
5,10,1014,2,80,100006,1,2
5,10,1014,2,80,100007,1,1
5,10,1014,2,80,100008,1,1
5,10,1014,2,80,100009,,
5,10,1014,2,80,100010,1,1
5,10,1001,2,172,100013,1,1
5,10,1001,2,172,100014,1,2
5,10,1001,2,172,100015,1,2
5,10,1001,2,172,100017,1,2
5,10,1001,2,172,100020,1,1
5,10,1007,1,1166,100021,,
5,10,1007,1,1166,100023,1,1
5,10,1007,1,1166,100024,,
5,10,1007,1,1166,100025,,
5,10,1007,1,1166,100026,1,2
5,10,1007,1,1166,100029,1,2
5,10,1007,1,1166,100030,1,2
5,10,1008,2,1314,100031,1,1
5,10,1008,2,1314,100032,1,2
5,10,1008,2,1314,100033,2,1
5,10,1008,2,1314,100034,1,2
5,10,1008,2,1314,100035,1,2
5,10,1008,2,1314,100036,1,2
5,10,1008,2,1314,100037,1,2
5,10,1008,2,1314,100038,1,2
5,10,1008,2,1314,100039,1,2
5,10,1008,2,1314,100040,1,2
5,10,1008,2,1718,100042,1,2
5,10,1008,2,1718,100043,1,2
5,10,1008,2,1718,100044,1,2
5,10,1008,2,1718,100045,1,1
5,10,1008,2,1718,100046,1,1
5,10,1008,2,1718,100047,1,2
5,10,1008,2,1718,100048,,
5,10,1008,2,1718,100049,1,
5,10,1008,2,1718,100050,1,1
5,10,1021,2,120,100055,1,2
5,10,1021,2,120,100056,1,2
5,10,1010,2,20,100075,1,1
5,10,1005,2,1374,100082,1,2
5,10,1005,2,1374,100083,1,2
5,10,1005,1,662,100093,1,2
5,10,1005,1,662,100094,1,2
5,10,1018,2,898,100101,1,1
5,10,1018,2,898,100102,1,1
5,10,1018,2,898,100104,1,1
5,10,1018,2,898,100105,1,1
5,10,1018,2,898,100106,1,1
5,10,1018,2,898,100108,1,1
5,10,1018,1,634,100115,2,2
5,10,1020,1,38,100127,1,1
4,11,1112,2,1952,110011,1,2
4,11,1112,2,1952,110012,,
4,11,1112,2,1952,110013,1,2
4,11,1112,2,1952,110014,1,2
4,11,1112,2,1952,110015,1,2
4,11,1112,2,1952,110016,1,2
4,11,1112,2,1952,110017,1,2
4,11,1112,2,1952,110018,1,2
4,11,1112,2,1952,110020,1,2
4,11,1112,2,78,110021,1,1
4,11,1112,2,78,110022,1,1
4,11,1112,2,78,110023,1,1
4,11,1112,2,78,110024,1,1
4,11,1112,2,78,110025,1,2
4,11,1112,2,78,110026,1,2
4,11,1112,2,78,110027,1,2
4,11,1112,2,78,110028,1,2
4,11,1112,2,78,110029,1,2
4,11,1112,2,78,110030,1,2
4,11,1110,2,714,110031,1,2
4,11,1110,2,714,110032,1,2
4,11,1110,2,714,110033,1,2
4,11,1110,2,714,110034,1,2
4,11,1110,2,714,110035,1,2
4,11,1110,2,714,110036,1,2
4,11,1110,2,714,110037,1,2
4,11,1110,2,714,110038,1,2
4,11,1110,2,714,110039,1,2
4,11,1110,2,714,110040,1,2
4,11,1110,2,2752,110041,1,2
4,11,1110,2,2752,110042,1,2
4,11,1110,2,2752,110043,1,2
4,11,1110,2,2752,110044,1,2
4,11,1110,2,2752,110045,1,2
4,11,1110,2,2752,110046,1,2
4,11,1110,2,2752,110047,1,2
4,11,1110,2,2752,110048,1,2
4,11,1110,2,2752,110049,1,1
4,11,1110,2,2752,110050,1,1
4,11,1108,2,492,110051,1,2
4,11,1108,2,492,110053,1,2
4,11,1108,2,492,110055,1,2
4,11,1108,2,492,110057,1,2
4,11,1108,2,492,110059,1,2
4,11,1105,2,100,110061,1,2
4,11,1105,2,100,110062,1,2
4,11,1105,2,100,110063,1,2
4,11,1105,2,100,110064,1,2
4,11,1105,2,100,110065,1,2
4,11,1105,2,100,110066,1,2
4,11,1105,2,100,110067,1,2
4,11,1105,2,100,110068,1,2
4,11,1105,2,100,110069,,
4,11,1105,2,100,110070,1,2
4,11,1106,2,446,110071,1,2
4,11,1106,2,446,110072,1,2
4,11,1106,2,446,110073,1,2
4,11,1106,2,446,110074,1,2
4,11,1106,2,446,110075,1,2
4,11,1106,2,446,110076,1,2
4,11,1106,2,446,110077,1,2
4,11,1106,2,446,110078,1,2
4,11,1106,2,446,110079,1,2
4,11,1104,2,434,110081,1,2
4,11,1104,2,434,110082,1,2
4,11,1104,2,434,110083,1,2
4,11,1104,2,434,110084,1,2
4,11,1104,2,434,110085,1,2
4,11,1104,2,434,110086,1,2
4,11,1104,2,434,110087,1,2
4,11,1104,2,434,110088,1,2
4,11,1104,2,434,110089,1,2
4,11,1104,2,434,110090,1,2
4,11,1107,2,1034,110091,1,2
4,11,1107,2,1034,110092,1,2
4,11,1107,2,1034,110093,1,2
4,11,1107,2,1034,110094,1,2
4,11,1107,2,1034,110095,1,2
4,11,1107,2,1034,110096,1,2
4,11,1107,2,1034,110097,1,2
4,11,1107,2,1034,110098,1,2
4,11,1107,2,1034,110099,1,2
4,11,1107,2,1034,110100,1,2
4,11,1109,2,672,110101,1,2
4,11,1109,2,672,110102,1,2
4,11,1109,2,672,110103,1,2
4,11,1109,2,672,110105,1,2
4,11,1109,2,672,110106,1,2
4,11,1109,2,672,110107,1,2
4,11,1109,2,672,110108,1,2
4,11,1109,2,672,110109,1,2
4,11,1109,2,672,110110,1,2
4,11,1113,2,954,110111,1,2
4,11,1113,2,954,110112,1,2
4,11,1113,2,954,110113,1,2
4,11,1113,2,954,110114,1,2
4,11,1113,2,954,110115,1,2
4,11,1113,2,954,110116,1,2
4,11,1113,2,954,110117,1,2
4,11,1113,2,954,110118,1,2
4,11,1113,2,954,110119,1,2
4,11,1113,2,954,110120,1,2
4,11,1102,2,936,110121,1,2
4,11,1102,2,936,110122,1,2
4,11,1102,2,936,110123,1,2
4,11,1102,2,936,110124,1,2
4,11,1102,2,936,110125,1,2
4,11,1102,2,936,110126,1,2
4,11,1102,2,936,110127,1,2
4,11,1102,2,936,110128,1,2
4,11,1102,2,936,110129,1,2
4,11,1102,2,936,110130,1,2
4,11,1101,2,154,110131,1,2
4,11,1101,2,154,110132,1,2
4,11,1101,2,154,110133,1,2
4,11,1101,2,154,110134,1,2
4,11,1101,2,154,110135,1,2
4,11,1101,2,154,110136,1,2
4,11,1101,2,154,110137,1,2
4,11,1101,2,154,110138,1,2
4,11,1101,2,154,110139,1,2
4,11,1101,2,154,110140,1,2
5,12,1211,1,2856,120002,1,2
5,12,1211,1,2856,120005,1,2
5,12,1211,1,2856,120007,,
5,12,1211,1,2856,120009,1,2
5,12,1211,1,2856,120010,1,2
5,12,1202,1,2710,120022,1,2
5,12,1212,1,1392,120033,,
5,12,1208,2,526,120041,1,2
5,12,1208,2,526,120044,1,2
5,12,1208,2,526,120045,1,2
5,12,1208,2,526,120046,1,2
5,12,1208,2,526,120047,1,1
5,12,1208,2,526,120048,2,2
5,12,1208,2,526,120049,1,1
5,12,1216,2,618,120051,1,2
5,12,1216,2,618,120052,1,2
5,12,1216,2,618,120053,1,2
5,12,1216,2,618,120054,1,2
5,12,1216,2,618,120055,1,2
5,12,1216,2,618,120056,1,2
5,12,1216,2,618,120057,1,2
5,12,1216,2,618,120058,1,2
5,12,1216,2,618,120059,1,2
5,12,1216,2,618,120060,1,2
5,12,1210,2,462,120061,1,2
5,12,1210,2,462,120063,1,2
5,12,1210,2,462,120064,1,1
5,12,1210,2,462,120065,1,2
5,12,1210,2,462,120066,1,1
5,12,1210,2,462,120068,1,1
5,12,1210,2,462,120069,1,2
5,12,1210,2,462,120070,1,1
5,12,1204,2,736,120071,,
5,12,1204,2,736,120072,,
5,12,1204,2,736,120073,1,2
5,12,1204,2,736,120075,1,2
5,12,1204,2,736,120077,1,2
5,12,1204,2,736,120078,1,2
5,12,1204,2,736,120079,1,1
5,12,1204,2,736,120080,1,2
5,12,1214,2,452,120091,1,2
5,12,1214,2,452,120092,1,2
5,12,1214,2,452,120093,1,2
5,12,1214,2,452,120094,1,2
5,12,1214,2,452,120095,1,2
5,12,1214,2,452,120096,1,2
5,12,1214,2,452,120098,1,1
5,12,1214,2,452,120099,1,2
5,12,1214,2,452,120100,1,1
6,13,1310,1,1300,130006,1,
6,13,1310,1,1300,130007,1,2
6,13,1310,1,1300,130010,1,2
6,13,1314,1,6,130015,1,2
6,13,1314,1,6,130016,1,2
6,13,1314,1,6,130017,1,2
6,13,1314,1,6,130018,1,2
6,13,1314,1,6,130019,1,2
6,13,1307,1,268,130021,1,2
6,13,1307,1,268,130025,1,2
6,13,1303,1,626,130032,1,2
6,13,1303,1,626,130034,1,2
6,13,1303,1,626,130037,1,2
6,13,1303,1,626,130038,1,2
6,13,1305,1,1232,130042,1,2
6,13,1305,1,1232,130046,2,2
6,13,1305,1,1232,130047,1,2
6,13,1305,1,1232,130048,1,2
6,13,1305,1,1232,130050,1,2
6,13,1309,2,674,130051,1,2
6,13,1309,2,674,130052,1,2
6,13,1309,2,674,130053,1,2
6,13,1309,2,674,130054,1,2
6,13,1309,2,674,130055,1,2
6,13,1309,2,674,130056,1,2
6,13,1309,2,674,130057,1,2
6,13,1309,2,674,130058,1,2
6,13,1309,2,674,130059,1,2
6,13,1309,2,674,130060,1,2
6,13,1305,2,10,130062,1,2
6,13,1305,2,10,130064,1,2
6,13,1301,1,1206,130078,1,2
4,14,1401,2,1116,140001,1,2
4,14,1401,2,1116,140002,1,2
4,14,1401,2,1116,140003,1,2
4,14,1401,2,1116,140004,1,1
4,14,1401,2,1116,140006,1,2
4,14,1401,2,1116,140007,1,1
4,14,1401,2,1116,140008,1,1
4,14,1401,2,1116,140009,1,2
4,14,1401,2,1116,140010,1,1
4,14,1407,2,68,140012,1,2
4,14,1407,2,68,140013,1,2
4,14,1407,2,68,140015,1,1
4,14,1407,2,68,140016,1,1
4,14,1407,2,68,140017,1,2
4,14,1407,2,68,140019,1,2
4,14,1408,2,1996,140021,1,2
4,14,1408,2,1996,140022,1,2
4,14,1408,2,1996,140023,1,2
4,14,1408,2,1996,140024,1,2
4,14,1408,2,1996,140025,1,2
4,14,1408,2,1996,140026,1,2
4,14,1408,2,1996,140027,1,1
4,14,1408,2,1996,140028,1,1
4,14,1408,2,1996,140030,1,2
4,14,1413,1,2578,140031,1,2
4,14,1413,1,2578,140035,1,2
4,14,1413,1,2578,140036,1,2
4,14,1413,1,2578,140037,1,2
4,14,1413,1,2578,140038,1,2
4,14,1413,1,2578,140039,1,1
4,14,1413,1,2578,140040,1,1
4,14,1415,2,952,140043,1,2
4,14,1415,2,952,140044,1,1
4,14,1415,2,952,140045,1,1
4,14,1415,2,952,140046,1,2
4,14,1415,2,952,140047,1,2
4,14,1415,2,952,140049,1,2
4,14,1415,2,952,140050,1,2
4,14,1406,2,694,140061,1,2
4,14,1406,2,694,140062,1,2
4,14,1406,2,694,140063,1,1
4,14,1406,2,694,140064,1,1
4,14,1406,2,694,140066,1,2
4,14,1406,2,694,140067,1,1
4,14,1406,2,694,140068,1,1
4,14,1406,2,694,140069,1,2
4,14,1406,2,694,140070,1,2
4,14,1413,2,670,140071,1,1
4,14,1413,2,670,140072,1,1
4,14,1413,2,670,140073,1,1
4,14,1413,2,670,140074,1,2
4,14,1413,2,670,140075,1,2
4,14,1413,2,670,140076,1,1
4,14,1413,2,670,140077,1,2
4,14,1413,2,670,140078,1,2
4,14,1413,2,670,140079,1,2
4,14,1413,2,670,140080,1,2
4,14,1410,2,236,140081,1,2
4,14,1410,2,236,140082,1,2
4,14,1410,2,236,140083,1,1
4,14,1410,2,236,140084,1,2
4,14,1410,2,236,140085,1,2
4,14,1410,2,236,140086,1,2
4,14,1410,2,236,140087,1,1
4,14,1410,2,236,140088,1,1
4,14,1410,2,236,140089,1,2
4,14,1410,2,236,140090,1,2
4,14,1408,2,968,140101,1,2
4,14,1408,2,968,140102,1,2
4,14,1408,2,968,140103,1,2
4,14,1408,2,968,140104,1,1
4,14,1408,2,968,140105,1,1
4,14,1408,2,968,140106,1,1
4,14,1408,2,968,140108,1,2
4,14,1408,2,968,140109,1,2
4,14,1411,2,1066,140111,1,2
4,14,1411,2,1066,140112,1,2
4,14,1411,2,1066,140113,1,2
4,14,1411,2,1066,140115,1,1
4,14,1411,2,1066,140116,1,1
4,14,1411,2,1066,140117,1,1
4,14,1411,2,1066,140118,1,1
4,14,1411,2,1066,140119,1,2
4,14,1411,2,1066,140120,1,2
4,14,1416,2,2314,140121,1,1
4,14,1416,2,2314,140122,1,1
4,14,1416,2,2314,140123,1,1
4,14,1416,2,2314,140125,1,2
4,14,1416,2,2314,140126,1,2
4,14,1416,2,2314,140127,1,2
4,14,1416,2,2314,140129,1,2
4,14,1416,2,2314,140130,1,2
2,15,1506,1,398,150001,1,2
2,15,1506,1,398,150002,1,2
2,15,1508,2,1682,150011,1,2
2,15,1508,2,1682,150012,1,2
2,15,1508,2,1682,150013,1,1
2,15,1508,2,1682,150014,,
2,15,1508,2,1682,150015,1,2
2,15,1508,2,1682,150016,1,2
2,15,1508,2,1682,150017,1,2
2,15,1508,2,1682,150018,1,1
2,15,1508,2,1682,150020,1,1
2,15,1511,2,1938,150021,1,2
2,15,1511,2,1938,150022,1,2
2,15,1511,2,1938,150024,1,1
2,15,1511,2,1938,150025,1,2
2,15,1511,2,1938,150026,1,2
2,15,1511,2,1938,150027,1,2
2,15,1511,2,1938,150028,1,2
2,15,1511,2,1938,150029,1,2
2,15,1511,2,1938,150030,1,1
2,15,1502,2,590,150032,1,1
2,15,1502,2,590,150033,1,2
2,15,1502,2,590,150034,1,2
2,15,1502,2,590,150035,1,2
2,15,1502,2,590,150037,1,2
2,15,1502,2,590,150038,1,1
2,15,1502,2,590,150039,1,2
2,15,1502,2,590,150040,1,2
2,15,1510,2,616,150041,1,2
2,15,1510,2,616,150042,1,2
2,15,1510,2,616,150043,1,1
2,15,1510,2,616,150044,1,1
2,15,1510,2,616,150045,1,2
2,15,1510,2,616,150046,1,2
2,15,1510,2,616,150047,1,1
2,15,1510,2,616,150048,1,2
2,15,1510,2,616,150049,1,2
2,15,1510,2,616,150050,1,2
2,15,1507,2,458,150051,1,1
2,15,1507,2,458,150052,1,2
2,15,1507,2,458,150053,1,2
2,15,1507,2,458,150054,1,1
2,15,1507,2,458,150055,1,2
2,15,1507,2,458,150056,1,2
2,15,1507,2,458,150057,1,2
2,15,1507,2,458,150058,1,2
2,15,1507,2,458,150059,1,1
2,15,1507,2,458,150060,1,2
2,15,1503,2,634,150062,1,2
2,15,1503,2,634,150063,1,1
2,15,1503,2,634,150064,1,1
2,15,1503,2,634,150065,1,2
2,15,1503,2,634,150066,1,2
2,15,1503,2,634,150067,1,1
2,15,1503,2,634,150068,1,2
2,15,1503,2,634,150069,1,2
2,15,1503,2,634,150070,1,1
2,15,1506,1,148,150077,1,1
2,15,1506,1,148,150078,1,1
4,16,1626,2,1546,160001,1,2
4,16,1626,2,1546,160002,1,2
4,16,1626,2,1546,160008,1,2
4,16,1626,2,1546,160009,2,1
4,16,1610,2,1006,160011,1,2
4,16,1610,2,1006,160012,1,2
4,16,1610,2,1006,160013,1,2
4,16,1624,1,286,160014,1,2
4,16,1606,2,590,160016,1,2
4,16,1624,1,136,160017,1,2
4,16,1624,1,136,160018,1,2
4,16,1624,1,136,160019,1,2
4,16,1622,2,18,160020,1,2
4,16,1612,2,414,160021,1,2
4,16,1622,2,18,160022,1,2
4,16,1622,2,18,160023,1,2
4,16,1624,1,136,160024,1,2
4,16,1624,1,136,160025,1,2
4,16,1602,2,1576,160026,1,2
4,16,1624,1,286,160028,1,2
4,16,1624,1,286,160029,1,2
4,16,1624,1,286,160030,1,2
4,16,1622,2,18,160031,1,2
4,16,1624,1,136,160032,1,2
4,16,1624,1,136,160033,1,2
4,16,1622,2,18,160034,1,2
4,16,1624,1,136,160035,1,2
4,16,1624,1,136,160036,1,2
4,16,1622,2,18,160037,1,2
4,16,1606,2,590,160038,2,1
4,16,1606,2,590,160039,1,2
4,16,1624,1,136,160041,1,2
4,16,1622,2,18,160042,1,2
4,16,1622,2,18,160043,1,2
4,16,1622,2,18,160044,1,2
4,16,1612,2,414,160046,1,2
4,16,1612,2,414,160047,1,2
4,16,1602,2,1576,160048,1,2
4,16,1602,2,1576,160049,1,2
4,16,1602,2,1576,160050,1,2
4,16,1613,2,440,160051,1,2
4,16,1613,2,440,160052,1,2
4,16,1613,2,440,160053,1,1
4,16,1613,2,440,160054,1,1
4,16,1613,2,440,160055,1,1
4,16,1613,2,440,160056,1,1
4,16,1613,2,440,160057,1,2
4,16,1613,2,440,160058,1,1
4,16,1613,2,440,160059,1,2
4,16,1613,2,440,160060,1,2
4,16,1616,2,296,160061,1,2
4,16,1616,2,296,160062,1,1
4,16,1616,2,296,160063,,
4,16,1616,2,296,160064,,
4,16,1616,2,296,160065,1,2
4,16,1616,2,296,160066,,
4,16,1616,2,296,160067,1,2
4,16,1616,2,296,160068,,
4,16,1616,2,296,160069,,
4,16,1616,2,296,160070,1,2
4,16,1620,2,106,160071,1,2
4,16,1620,2,106,160072,1,2
4,16,1620,2,106,160073,1,2
4,16,1620,2,106,160074,1,2
4,16,1620,2,106,160075,1,2
4,16,1620,2,106,160076,1,2
4,16,1620,2,106,160077,1,2
4,16,1620,2,106,160078,1,2
4,16,1620,2,106,160079,1,2
4,16,1620,2,106,160080,1,2
4,16,1618,2,1060,160081,1,2
4,16,1618,2,1060,160082,1,2
4,16,1618,2,1060,160083,1,2
4,16,1618,2,1060,160084,1,2
4,16,1618,2,1060,160085,1,2
4,16,1618,2,1060,160086,1,1
4,16,1618,2,1060,160087,1,1
4,16,1618,2,1060,160088,1,2
4,16,1618,2,1060,160089,1,2
4,16,1618,2,1060,160090,1,2
4,16,1601,2,954,160091,1,1
4,16,1601,2,954,160092,1,2
4,16,1601,2,954,160093,1,1
4,16,1601,2,954,160094,1,2
4,16,1601,2,954,160095,1,2
4,16,1601,2,954,160096,1,2
4,16,1601,2,954,160097,1,2
4,16,1601,2,954,160098,1,2
4,16,1601,2,954,160099,1,2
4,16,1601,2,954,160100,1,2
4,16,1606,2,590,160101,1,2
4,16,1624,1,286,160102,1,2
4,16,1606,2,590,160103,1,2
4,16,1610,2,1006,160104,1,2
4,16,1610,2,1006,160105,1,2
4,16,1624,1,286,160106,1,2
4,16,1606,2,590,160107,1,2
4,16,1606,2,590,160108,1,2
4,16,1606,2,590,160109,1,2
4,16,1624,1,286,160110,1,2
4,16,1603,2,158,160111,1,2
4,16,1610,2,1006,160112,1,2
4,16,1624,1,286,160113,1,2
4,16,1610,2,1006,160114,1,2
4,16,1610,2,1006,160115,1,2
4,16,1610,2,1006,160116,1,2
4,16,1610,2,1006,160117,1,2
4,16,1612,2,414,160118,1,2
4,16,1602,2,1576,160119,1,2
4,16,1602,2,1576,160120,1,2
4,16,1602,2,1576,160121,1,2
4,16,1602,2,1576,160124,1,2
4,16,1602,2,1576,160125,1,2
4,16,1602,2,1576,160126,1,2
4,16,1612,2,414,160127,1,2
4,16,1612,2,414,160128,1,2
4,16,1622,2,18,160129,1,2
4,16,1612,2,414,160130,1,2
4,16,1612,2,414,160131,1,2
4,16,1624,1,286,160132,1,2
4,16,1624,1,286,160133,1,2
4,16,1605,2,180,160144,,2
4,16,1605,2,180,160145,1,2
4,16,1605,2,180,160146,1,2
4,16,1605,2,180,160147,1,2
4,16,1605,2,180,160148,1,2
4,16,1605,2,180,160149,1,
4,16,1605,2,180,160150,1,2
4,16,1605,2,180,160151,1,2
4,16,1605,2,180,160152,1,2
4,16,1605,2,180,160153,1,2
4,16,1603,2,158,160154,1,2
4,16,1603,2,158,160155,1,2
4,16,1609,2,738,160156,1,2
4,16,1609,2,738,160157,1,2
4,16,1609,2,738,160158,1,2
4,16,1609,2,738,160160,1,2
4,16,1609,2,738,160162,1,2
4,16,1608,2,1104,160163,1,2
4,16,1608,2,1104,160164,1,2
4,16,1608,2,1104,160165,1,2
4,16,1608,2,1104,160166,1,2
4,16,1608,2,1104,160167,1,2
4,16,1609,2,738,160168,1,2
4,16,1609,2,738,160169,1,2
4,16,1609,2,738,160170,1,2
4,16,1608,2,1104,160171,1,2
4,16,1609,2,738,160172,1,2
4,16,1608,2,1104,160173,1,2
4,16,1612,2,108,160174,1,2
4,16,1612,2,108,160175,1,2
4,16,1603,2,158,160176,1,2
4,16,1603,2,158,160177,1,2
4,16,1603,2,158,160178,1,2
4,16,1603,2,158,160179,1,2
4,16,1603,2,158,160180,1,2
4,16,1612,2,108,160181,1,2
4,16,1612,2,108,160182,1,2
4,16,1612,2,108,160183,1,2
4,16,1603,2,158,160184,1,2
4,16,1603,2,158,160185,1,2
4,16,1612,2,108,160186,1,2
4,16,1612,2,108,160187,1,2
4,16,1612,2,108,160188,1,2
4,16,1612,2,108,160189,1,2
4,16,1612,2,108,160190,1,2
3,17,1706,2,284,170001,1,2
3,17,1706,2,284,170002,1,1
3,17,1706,2,284,170003,1,2
3,17,1706,2,284,170004,1,1
3,17,1706,2,284,170005,1,2
3,17,1706,2,284,170006,1,2
3,17,1706,2,284,170007,1,1
3,17,1706,2,284,170008,1,2
3,17,1706,2,284,170009,1,2
3,17,1706,2,284,170010,1,1
3,17,1719,2,1354,170011,1,1
3,17,1719,2,1354,170012,1,2
3,17,1719,2,1354,170013,1,1
3,17,1719,2,1354,170014,1,2
3,17,1719,2,1354,170015,1,1
3,17,1719,2,1354,170016,1,2
3,17,1719,2,1354,170017,1,2
3,17,1719,2,1354,170018,1,1
3,17,1719,2,1354,170019,1,2
3,17,1719,2,1354,170020,1,1
3,17,1704,2,1080,170021,,
3,17,1704,2,1080,170022,,
3,17,1704,2,1080,170023,1,2
3,17,1704,2,1080,170024,1,1
3,17,1704,2,1080,170026,1,2
3,17,1704,2,1080,170027,1,2
3,17,1704,2,1080,170028,1,2
3,17,1704,2,1080,170029,1,2
3,17,1704,2,1080,170030,1,2
3,17,1704,1,2074,170032,1,1
3,17,1704,1,2074,170037,,
3,17,1704,1,2074,170038,1,2
3,17,1722,2,96,170041,1,1
3,17,1722,2,96,170042,1,1
3,17,1722,2,96,170043,1,1
3,17,1722,2,96,170044,1,2
3,17,1722,2,96,170045,1,1
3,17,1722,2,96,170046,1,2
3,17,1722,2,96,170047,1,2
3,17,1722,2,96,170048,1,2
3,17,1722,2,96,170049,1,2
3,17,1715,2,2244,170051,1,2
3,17,1715,2,2244,170052,1,1
3,17,1715,2,2244,170053,1,1
3,17,1715,2,2244,170054,1,1
3,17,1715,2,2244,170055,1,1
3,17,1715,2,2244,170056,1,2
3,17,1715,2,2244,170057,1,1
3,17,1715,2,2244,170058,1,2
3,17,1715,2,2244,170059,1,2
3,17,1715,2,2244,170060,1,1
3,17,1710,2,546,170061,1,2
3,17,1710,2,546,170062,1,1
3,17,1710,2,546,170063,1,1
3,17,1710,2,546,170064,1,1
3,17,1710,2,546,170065,1,2
3,17,1710,2,546,170066,1,1
3,17,1710,2,546,170067,1,1
3,17,1710,2,546,170068,1,2
3,17,1710,2,546,170069,1,2
3,17,1710,2,546,170070,1,1
3,17,1713,1,226,170074,1,1
3,17,1713,1,226,170075,1,2
3,17,1713,1,226,170076,1,2
3,17,1713,1,226,170077,1,2
3,17,1713,1,226,170078,1,2
3,17,1713,1,226,170079,1,1
3,17,1716,2,1452,170081,1,2
3,17,1716,2,1452,170082,1,2
3,17,1716,2,1452,170083,1,2
3,17,1716,2,1452,170084,1,2
3,17,1716,2,1452,170085,1,1
3,17,1716,2,1452,170086,1,2
3,17,1716,2,1452,170087,1,2
3,17,1716,2,1452,170088,1,2
3,17,1716,2,1452,170089,1,2
3,17,1716,2,1452,170090,1,1
3,17,1702,2,510,170091,1,2
3,17,1702,2,510,170092,1,2
3,17,1702,2,510,170093,1,2
3,17,1702,2,510,170094,1,2
3,17,1702,2,510,170095,1,2
3,17,1702,2,510,170096,1,2
3,17,1702,2,510,170097,1,1
3,17,1702,2,510,170098,1,1
3,17,1702,2,510,170099,1,2
3,17,1702,2,510,170100,1,1
3,17,1727,2,634,170101,1,1
3,17,1727,2,634,170102,1,2
3,17,1727,2,634,170103,1,2
3,17,1727,2,634,170104,1,1
3,17,1727,2,634,170105,1,1
3,17,1727,2,634,170106,1,2
3,17,1727,2,634,170107,1,2
3,17,1727,2,634,170108,1,2
3,17,1727,2,634,170109,1,2
3,17,1727,2,634,170110,1,2
3,17,1712,2,794,170111,1,2
3,17,1712,2,794,170112,1,1
3,17,1712,2,794,170113,1,2
3,17,1712,2,794,170114,1,2
3,17,1712,2,794,170115,1,1
3,17,1712,2,794,170116,1,2
3,17,1712,2,794,170117,1,2
3,17,1712,2,794,170118,1,2
3,17,1712,2,794,170119,1,2
3,17,1712,2,794,170120,1,2
3,17,1724,2,786,170121,1,2
3,17,1724,2,786,170122,1,2
3,17,1724,2,786,170123,1,2
3,17,1724,2,786,170124,1,2
3,17,1724,2,786,170125,1,1
3,17,1724,2,786,170126,1,2
3,17,1724,2,786,170127,1,1
3,17,1724,2,786,170128,1,2
3,17,1724,2,786,170129,1,2
3,17,1724,2,786,170130,1,1
3,18,1804,1,2690,180001,2,2
3,18,1804,1,2690,180003,1,1
3,18,1804,1,2690,180004,2,2
3,18,1804,1,2690,180006,2,2
3,18,1804,1,2690,180008,2,2
3,18,1823,1,1822,180027,1,2
3,18,1803,2,840,180031,1,2
3,18,1803,2,840,180032,1,1
3,18,1803,2,840,180033,1,2
3,18,1803,2,840,180034,1,2
3,18,1803,2,840,180035,1,2
3,18,1803,2,840,180036,1,2
3,18,1803,2,840,180037,1,1
3,18,1803,2,840,180038,1,2
3,18,1803,2,840,180039,1,2
3,18,1803,2,840,180040,1,2
3,18,1816,1,378,180041,1,2
3,18,1816,1,378,180042,1,1
3,18,1816,1,378,180043,1,2
3,18,1816,1,378,180044,1,2
3,18,1816,1,378,180046,1,2
3,18,1816,1,378,180047,1,1
3,18,1816,1,378,180048,1,1
3,18,1816,1,378,180049,1,1
3,18,1805,2,534,180052,1,2
3,18,1805,2,534,180053,1,2
3,18,1805,2,534,180054,1,2
3,18,1805,2,534,180055,1,2
3,18,1805,2,534,180056,1,2
3,18,1805,2,534,180057,1,2
3,18,1805,2,534,180058,1,1
3,18,1805,2,534,180059,1,2
3,18,1805,2,534,180060,1,1
3,18,1817,2,370,180061,1,2
3,18,1817,2,370,180062,1,2
3,18,1817,2,370,180063,1,1
3,18,1817,2,370,180064,1,2
3,18,1817,2,370,180065,1,2
3,18,1817,2,370,180066,1,2
3,18,1817,2,370,180067,1,2
3,18,1817,2,370,180068,1,2
3,18,1817,2,370,180069,1,1
3,18,1817,2,370,180070,1,2
3,18,1808,2,1726,180071,1,2
3,18,1808,2,1726,180072,1,2
3,18,1808,2,1726,180073,1,2
3,18,1808,2,1726,180074,1,2
3,18,1808,2,1726,180075,1,2
3,18,1808,2,1726,180076,1,1
3,18,1808,2,1726,180077,1,2
3,18,1808,2,1726,180078,1,2
3,18,1808,2,1726,180079,1,1
3,18,1808,2,1726,180080,1,2
3,18,1811,2,364,180081,1,2
3,18,1811,2,364,180082,1,2
3,18,1811,2,364,180083,1,2
3,18,1811,2,364,180084,1,1
3,18,1811,2,364,180085,1,1
3,18,1811,2,364,180086,1,2
3,18,1811,2,364,180087,1,1
3,18,1811,2,364,180088,1,2
3,18,1811,2,364,180089,1,1
3,18,1811,2,364,180090,1,1
3,18,1820,2,450,180091,1,2
3,18,1820,2,450,180092,2,2
3,18,1820,2,450,180093,1,2
3,18,1820,2,450,180094,1,1
3,18,1820,2,450,180095,1,2
3,18,1820,2,450,180096,1,2
3,18,1820,2,450,180097,1,1
3,18,1820,2,450,180098,1,1
3,18,1820,2,450,180099,1,2
3,18,1820,2,450,180100,1,2
3,18,1822,2,1654,180101,1,2
3,18,1822,2,1654,180102,1,2
3,18,1822,2,1654,180103,1,2
3,18,1822,2,1654,180104,1,2
3,18,1822,2,1654,180105,1,2
3,18,1822,2,1654,180106,1,2
3,18,1822,2,1654,180107,1,1
3,18,1822,2,1654,180108,1,2
3,18,1822,2,1654,180109,1,2
3,18,1822,2,1654,180110,1,2
3,18,1814,2,678,180111,1,2
3,18,1814,2,678,180112,1,1
3,18,1814,2,678,180113,1,1
3,18,1814,2,678,180114,1,2
3,18,1814,2,678,180115,1,2
3,18,1814,2,678,180116,1,2
3,18,1814,2,678,180117,1,1
3,18,1814,2,678,180118,1,2
3,18,1814,2,678,180119,1,2
3,18,1814,2,678,180120,1,2
3,19,1943,2,668,190021,1,1
3,19,1943,2,668,190022,1,2
3,19,1943,2,668,190023,1,1
3,19,1943,2,668,190024,1,1
3,19,1943,2,668,190025,1,1
3,19,1943,2,668,190026,1,1
3,19,1943,2,668,190027,1,1
3,19,1943,2,668,190028,1,1
3,19,1943,2,668,190029,1,1
3,19,1943,2,668,190030,1,1
3,19,1916,2,1516,190031,1,2
3,19,1916,2,1516,190032,1,2
3,19,1916,2,1516,190033,1,2
3,19,1916,2,1516,190034,1,2
3,19,1916,2,1516,190035,1,2
3,19,1916,2,1516,190036,1,2
3,19,1916,2,1516,190037,1,1
3,19,1916,2,1516,190038,1,2
3,19,1916,2,1516,190039,1,1
3,19,1916,2,1516,190040,1,1
3,19,1901,2,640,190041,1,1
3,19,1901,2,640,190042,1,1
3,19,1901,2,640,190043,1,1
3,19,1901,2,640,190044,1,1
3,19,1901,2,640,190045,1,1
3,19,1901,2,640,190046,1,1
3,19,1901,2,640,190047,1,2
3,19,1901,2,640,190048,1,2
3,19,1901,2,640,190049,1,2
3,19,1901,2,640,190050,1,2
3,19,1937,2,432,190051,1,1
3,19,1937,2,432,190053,1,1
3,19,1937,2,432,190054,1,2
3,19,1937,2,432,190059,1,1
3,19,1936,2,1994,190061,1,1
3,19,1936,2,1994,190062,1,1
3,19,1936,2,1994,190063,1,1
3,19,1936,2,1994,190064,1,1
3,19,1936,2,1994,190065,1,1
3,19,1936,2,1994,190066,1,2
3,19,1936,2,1994,190067,1,2
3,19,1936,2,1994,190068,1,2
3,19,1936,2,1994,190069,1,2
3,19,1936,2,1994,190070,1,1
3,19,1902,2,52,190071,1,2
3,19,1902,2,52,190072,1,2
3,19,1902,2,52,190073,1,2
3,19,1902,2,52,190074,1,1
3,19,1902,2,52,190075,1,1
3,19,1902,2,52,190076,1,1
3,19,1902,2,52,190077,1,1
3,19,1902,2,52,190078,1,1
3,19,1902,2,52,190079,1,1
3,19,1902,2,52,190080,1,1
3,19,1914,2,934,190081,1,1
3,19,1914,2,934,190082,1,1
3,19,1914,2,934,190083,1,1
3,19,1914,2,934,190084,1,1
3,19,1914,2,934,190085,1,2
3,19,1914,2,934,190086,1,1
3,19,1914,2,934,190087,1,2
3,19,1914,2,934,190088,1,1
3,19,1914,2,934,190089,1,2
3,19,1914,2,934,190090,1,1
3,19,1941,2,518,190091,1,1
3,19,1941,2,518,190092,1,1
3,19,1941,2,518,190093,1,1
3,19,1941,2,518,190094,1,2
3,19,1941,2,518,190095,1,2
3,19,1941,2,518,190096,1,2
3,19,1941,2,518,190097,1,1
3,19,1941,2,518,190098,1,1
3,19,1941,2,518,190099,1,1
3,19,1941,2,518,190100,1,1
3,19,1925,1,2858,190101,2,1
3,19,1925,1,2858,190102,2,1
3,19,1925,1,2858,190103,1,2
3,19,1925,1,2858,190104,1,2
3,19,1925,1,2858,190105,1,2
3,19,1925,1,2858,190106,1,2
3,19,1925,1,2858,190107,,
3,19,1925,1,2858,190108,1,2
3,19,1925,1,2858,190109,1,
3,19,1925,1,2858,190110,1,2
3,19,1905,2,1290,190121,,
3,19,1905,2,1290,190122,,
3,19,1905,2,1290,190124,,
3,19,1905,2,1290,190125,1,2
3,19,1905,2,1290,190126,1,2
3,19,1905,2,1290,190128,1,1
3,19,1905,2,1290,190130,2,2
3,19,1910,2,808,190131,1,2
3,19,1910,2,808,190132,1,2
3,19,1910,2,808,190133,1,2
3,19,1910,2,808,190134,1,2
3,19,1910,2,808,190135,1,2
3,19,1910,2,808,190136,1,1
3,19,1910,2,808,190137,1,2
3,19,1910,2,808,190139,1,2
3,19,1908,2,284,190141,1,2
3,19,1908,2,284,190142,1,1
3,19,1908,2,284,190143,1,2
3,19,1908,2,284,190144,1,2
3,19,1908,2,284,190145,1,1
3,19,1908,2,284,190146,1,2
3,19,1908,2,284,190147,1,2
3,19,1908,2,284,190149,1,2
3,19,1908,2,284,190150,1,2
3,19,1934,2,386,190152,1,2
3,19,1934,2,386,190153,1,2
3,19,1934,2,386,190154,1,2
3,19,1934,2,386,190156,1,2
3,19,1934,2,386,190158,1,2
3,19,1919,2,366,190161,1,1
3,19,1919,2,366,190162,1,2
3,19,1919,2,366,190163,1,2
3,19,1919,2,366,190164,1,2
3,19,1919,2,366,190165,1,2
3,19,1919,2,366,190166,1,2
3,19,1919,2,366,190167,1,2
3,19,1919,2,366,190168,1,2
3,19,1919,2,366,190169,1,2
3,19,1919,2,366,190170,1,2
3,19,1928,2,526,190171,1,2
3,19,1928,2,526,190172,1,2
3,19,1928,2,526,190173,1,2
3,19,1928,2,526,190174,1,2
3,19,1928,2,526,190175,1,2
3,19,1928,2,526,190176,1,2
3,19,1928,2,526,190177,1,2
3,19,1928,2,526,190179,1,2
3,19,1928,2,526,190180,1,2
3,19,1932,2,562,190181,1,2
3,19,1932,2,562,190182,2,2
3,19,1932,2,562,190183,1,2
3,19,1932,2,562,190184,1,2
3,19,1932,2,562,190186,2,2
3,19,1932,2,562,190187,1,2
3,19,1932,2,562,190188,1,2
3,19,1932,2,562,190190,1,2
3,19,1923,2,284,190191,1,2
3,19,1923,2,284,190192,1,2
3,19,1923,2,284,190193,1,2
3,19,1923,2,284,190194,1,2
3,19,1923,2,284,190195,1,2
3,19,1923,2,284,190197,1,2
3,19,1923,2,284,190198,1,2
3,19,1923,2,284,190199,1,2
3,20,2021,1,3300,200010,1,1
3,20,2018,2,1134,200011,1,2
3,20,2018,2,1134,200012,1,2
3,20,2018,2,1134,200013,1,2
3,20,2018,2,1134,200014,1,2
3,20,2018,2,1134,200015,1,2
3,20,2018,2,1134,200016,1,2
3,20,2018,2,1134,200017,1,2
3,20,2018,2,1134,200018,1,2
3,20,2018,2,1134,200019,1,2
3,20,2018,2,1134,200020,1,2
3,20,2005,2,970,200021,1,2
3,20,2005,2,970,200022,1,2
3,20,2005,2,970,200023,1,2
3,20,2005,2,970,200024,1,2
3,20,2005,2,970,200025,1,2
3,20,2005,2,970,200026,1,2
3,20,2005,2,970,200027,1,2
3,20,2005,2,970,200028,1,2
3,20,2005,2,970,200029,1,2
3,20,2005,2,970,200030,1,2
3,20,2003,2,784,200031,1,2
3,20,2003,2,784,200032,1,2
3,20,2003,2,784,200033,1,2
3,20,2003,2,784,200034,1,2
3,20,2003,2,784,200035,1,2
3,20,2003,2,784,200036,1,2
3,20,2003,2,784,200037,1,2
3,20,2003,2,784,200038,1,2
3,20,2003,2,784,200039,1,2
3,20,2003,2,784,200040,1,2
3,20,2030,2,1050,200041,1,2
3,20,2030,2,1050,200042,1,2
3,20,2030,2,1050,200043,1,2
3,20,2030,2,1050,200044,1,2
3,20,2030,2,1050,200045,1,2
3,20,2030,2,1050,200046,1,2
3,20,2030,2,1050,200047,1,2
3,20,2030,2,1050,200048,1,2
3,20,2030,2,1050,200049,1,2
3,20,2030,2,1050,200050,1,2
3,20,2032,1,1390,200051,1,2
3,20,2032,1,1390,200052,1,2
3,20,2032,1,1390,200053,1,2
3,20,2032,1,1390,200056,1,2
3,20,2032,1,1390,200059,2,2
3,20,2032,1,1390,200060,1,2
3,20,2032,2,1772,200061,1,2
3,20,2032,2,1772,200062,,2
3,20,2032,2,1772,200063,1,2
3,20,2032,2,1772,200064,1,2
3,20,2032,2,1772,200065,1,2
3,20,2032,2,1772,200066,1,2
3,20,2032,2,1772,200067,1,2
3,20,2032,2,1772,200068,1,2
3,20,2032,2,1772,200069,1,2
3,20,2015,2,1746,200071,1,2
3,20,2015,2,1746,200072,1,2
3,20,2015,2,1746,200073,1,2
3,20,2015,2,1746,200074,1,2
3,20,2015,2,1746,200075,1,2
3,20,2015,2,1746,200076,1,2
3,20,2015,2,1746,200077,1,2
3,20,2015,2,1746,200078,1,2
3,20,2015,2,1746,200079,1,2
3,20,2015,2,1746,200080,1,2
3,20,2022,2,1130,200081,1,2
3,20,2022,2,1130,200082,1,2
3,20,2022,2,1130,200083,1,2
3,20,2022,2,1130,200084,1,2
3,20,2022,2,1130,200085,1,2
3,20,2022,2,1130,200086,1,2
3,20,2022,2,1130,200087,1,2
3,20,2022,2,1130,200088,1,2
3,20,2022,2,1130,200089,1,2
3,20,2022,2,1130,200090,1,2
3,20,2001,2,1354,200091,1,2
3,20,2001,2,1354,200092,1,1
3,20,2001,2,1354,200093,1,1
3,20,2001,2,1354,200094,1,2
3,20,2001,2,1354,200095,1,2
3,20,2001,2,1354,200096,1,2
3,20,2001,2,1354,200097,1,2
3,20,2001,2,1354,200098,1,2
3,20,2001,2,1354,200099,1,2
3,20,2001,2,1354,200100,1,2
3,20,2025,2,760,200103,1,1
3,20,2025,2,760,200105,1,1
3,20,2025,2,760,200106,1,2
3,20,2025,2,760,200108,,
3,20,2025,2,1304,200113,1,2
3,20,2025,2,1304,200117,1,1
3,20,2025,2,1304,200120,1,1
3,20,2019,2,344,200121,1,1
3,20,2019,2,344,200122,1,1
3,20,2019,2,344,200123,1,2
3,20,2019,2,344,200124,1,2
3,20,2019,2,344,200125,1,2
3,20,2019,2,344,200126,1,1
3,20,2019,2,344,200127,1,2
3,20,2019,2,344,200128,1,1
3,20,2019,2,344,200129,1,1
3,20,2019,2,344,200130,1,1
3,20,2009,2,240,200131,1,2
3,20,2009,2,240,200132,1,1
3,20,2009,2,240,200133,1,1
3,20,2009,2,240,200134,1,2
3,20,2009,2,240,200135,1,1
3,20,2009,2,240,200136,1,1
3,20,2009,2,240,200137,1,2
3,20,2009,2,240,200138,1,1
3,20,2009,2,240,200139,1,2
3,20,2009,2,240,200140,1,1
3,20,2008,2,1474,200141,1,2
3,20,2008,2,1474,200142,1,1
3,20,2008,2,1474,200143,1,2
3,20,2008,2,1474,200144,1,1
3,20,2008,2,1474,200145,1,2
3,20,2008,2,1474,200146,1,1
3,20,2008,2,1474,200147,1,1
3,20,2008,2,1474,200148,1,2
3,20,2008,2,1474,200149,1,1
3,20,2008,2,1474,200150,1,1
3,20,2013,2,1232,200151,1,1
3,20,2013,2,1232,200152,1,2
3,20,2013,2,1232,200153,1,2
3,20,2013,2,1232,200154,1,2
3,20,2013,2,1232,200155,1,1
3,20,2013,2,1232,200156,1,2
3,20,2013,2,1232,200157,1,1
3,20,2013,2,1232,200158,1,1
3,20,2013,2,1232,200159,1,2
3,20,2013,2,1232,200160,1,1
3,20,2028,2,498,200161,1,2
3,20,2028,2,498,200162,1,1
3,20,2028,2,498,200163,1,2
3,20,2028,2,498,200164,1,2
3,20,2028,2,498,200165,1,1
3,20,2028,2,498,200166,1,1
3,20,2028,2,498,200167,1,2
3,20,2028,2,498,200168,1,1
3,20,2028,2,498,200170,1,1
3,21,2106,2,2822,210002,2,2
3,21,2106,2,2822,210007,2,2
3,21,2106,2,2822,210008,2,2
3,21,2106,2,2822,210010,2,2
3,21,2106,2,236,210011,1,2
3,21,2106,2,236,210012,1,2
3,21,2106,2,236,210013,1,1
3,21,2106,2,236,210015,1,2
3,21,2106,2,236,210016,1,2
3,21,2106,2,236,210018,1,2
3,21,2106,2,236,210019,1,2
3,21,2109,2,38,210021,1,1
3,21,2109,2,38,210022,1,1
3,21,2109,2,38,210023,1,2
3,21,2109,2,38,210024,1,2
3,21,2109,2,38,210025,1,2
3,21,2109,2,38,210026,1,2
3,21,2109,2,38,210027,1,1
3,21,2109,2,38,210028,1,1
3,21,2109,2,38,210029,1,1
3,21,2109,2,38,210030,1,1
3,21,2119,2,3956,210031,1,2
3,21,2119,2,3956,210032,1,2
3,21,2119,2,3956,210033,1,2
3,21,2119,2,3956,210034,1,2
3,21,2119,2,3956,210035,1,2
3,21,2119,2,3956,210036,1,2
3,21,2119,2,3956,210037,1,1
3,21,2119,2,3956,210038,1,2
3,21,2119,2,3956,210039,1,2
3,21,2119,2,3956,210040,1,2
3,21,2119,2,2146,210041,1,1
3,21,2119,2,2146,210042,1,2
3,21,2119,2,2146,210043,1,2
3,21,2119,2,2146,210044,1,2
3,21,2119,2,2146,210045,1,2
3,21,2119,2,2146,210046,1,1
3,21,2119,2,2146,210047,1,2
3,21,2119,2,2146,210048,1,1
3,21,2119,2,2146,210049,1,1
3,21,2119,2,2146,210050,1,2
3,21,2115,2,926,210051,1,1
3,21,2115,2,926,210052,1,2
3,21,2115,2,926,210053,1,2
3,21,2115,2,926,210054,1,1
3,21,2115,2,926,210055,1,2
3,21,2115,2,926,210056,1,2
3,21,2115,2,926,210057,1,2
3,21,2115,2,926,210058,1,2
3,21,2115,2,926,210059,1,2
3,21,2115,2,926,210060,1,1
3,21,2117,2,554,210061,1,1
3,21,2117,2,554,210062,1,2
3,21,2117,2,554,210063,1,2
3,21,2117,2,554,210064,1,2
3,21,2117,2,554,210065,1,2
3,21,2117,2,554,210066,1,2
3,21,2117,2,554,210067,1,2
3,21,2117,2,554,210068,2,
3,21,2117,2,554,210069,1,2
3,21,2117,2,554,210070,1,2
3,21,2108,1,520,210071,1,2
3,21,2108,1,520,210072,1,2
3,21,2108,1,520,210074,1,2
3,21,2108,1,520,210075,1,2
3,21,2108,1,520,210076,1,2
3,21,2108,1,520,210077,1,2
3,21,2108,1,520,210078,1,2
3,21,2108,1,520,210079,1,2
3,21,2108,1,520,210080,2,1
3,21,2102,2,1124,210081,1,2
3,21,2102,2,1124,210082,1,2
3,21,2102,2,1124,210083,1,2
3,21,2102,2,1124,210084,1,2
3,21,2102,2,1124,210085,1,2
3,21,2102,2,1124,210086,1,2
3,21,2102,2,1124,210087,1,2
3,21,2102,2,1124,210088,1,2
3,21,2102,2,1124,210089,1,2
3,21,2102,2,1124,210090,1,2
3,21,2111,2,180,210091,1,2
3,21,2111,2,180,210092,,
3,21,2111,2,180,210093,1,2
3,21,2111,2,180,210094,1,2
3,21,2111,2,180,210095,1,2
3,21,2111,2,180,210096,1,2
3,21,2111,2,180,210097,1,2
3,21,2111,2,180,210098,1,2
3,21,2111,2,180,210099,1,2
3,21,2111,2,180,210100,1,2
1,22,2211,1,806,220004,1,1
1,22,2211,1,806,220005,1,1
1,22,2211,1,806,220007,1,1
1,22,2211,1,806,220008,1,2
1,22,2211,1,806,220009,1,1
1,22,2211,2,594,220011,1,1
1,22,2211,2,594,220012,1,1
1,22,2211,2,594,220013,1,1
1,22,2211,2,594,220014,1,1
1,22,2211,2,594,220016,1,1
1,22,2211,2,594,220017,1,1
1,22,2211,2,594,220019,1,1
1,22,2211,2,594,220020,1,1
1,22,2201,2,422,220037,1,1
1,22,2201,2,422,220040,1,1
1,22,2209,1,792,220041,1,2
1,22,2209,1,792,220044,1,1
1,22,2209,1,792,220045,1,1
1,22,2209,1,792,220046,1,1
1,22,2209,1,792,220047,1,1
1,22,2209,1,792,220049,1,1
1,22,2220,1,1296,220051,1,2
1,22,2220,1,1296,220056,1,2
1,22,2220,1,1296,220057,1,2
1,22,2220,1,1296,220060,1,2
1,22,2205,2,2432,220062,1,2
1,22,2205,2,2432,220063,1,2
1,22,2205,2,2432,220064,1,1
1,22,2205,2,2432,220066,1,1
1,22,2205,2,2432,220067,1,2
1,22,2205,2,2432,220068,1,2
1,22,2205,2,2432,220070,1,2
1,22,2205,2,664,220071,1,1
1,22,2205,2,664,220072,1,1
1,22,2205,2,664,220075,1,2
1,22,2205,2,664,220076,1,2
1,22,2205,2,664,220077,1,2
1,22,2205,2,664,220079,1,1
1,22,2205,2,664,220080,1,1
1,22,2214,2,1354,220082,2,2
1,22,2214,2,1354,220083,1,1
1,22,2214,2,1354,220084,1,1
1,22,2214,2,1354,220085,1,1
1,22,2214,2,1354,220086,1,2
1,22,2214,2,1354,220087,1,2
1,22,2214,2,1354,220088,1,2
1,22,2214,2,1354,220090,1,2
1,22,2218,2,596,220092,1,1
1,22,2218,2,596,220093,1,1
1,22,2218,2,596,220094,1,1
1,22,2218,2,596,220095,1,1
1,22,2218,2,596,220096,1,2
1,22,2218,2,596,220097,1,2
1,22,2218,2,596,220098,1,2
1,22,2218,2,596,220099,1,2
1,22,2218,2,596,220100,1,2
1,22,2203,2,530,220101,1,2
1,22,2203,2,530,220106,1,2
1,22,2203,2,530,220109,1,2
1,22,2203,2,266,220111,1,2
1,22,2203,2,266,220112,1,2
1,22,2203,2,266,220113,1,2
1,22,2203,2,266,220114,1,2
1,22,2203,2,266,220115,1,2
1,22,2203,2,266,220116,1,1
1,22,2203,2,266,220118,1,2
1,23,2308,1,5180,230001,1,2
1,23,2308,1,5180,230002,1,1
1,23,2308,1,5180,230003,1,2
1,23,2308,1,5180,230004,2,2
1,23,2308,1,5180,230005,1,1
1,23,2308,1,5180,230006,1,2
1,23,2308,1,5180,230007,1,2
1,23,2308,1,5180,230008,1,2
1,23,2308,1,5180,230009,2,2
1,23,2307,1,2316,230013,,
1,23,2307,1,2316,230014,,
1,23,2307,1,2316,230018,1,1
1,23,2307,1,2316,230019,,
1,23,2307,1,78,230024,1,2
1,23,2307,1,78,230027,,
1,23,2307,1,78,230028,,
1,23,2307,1,78,230030,,
1,23,2306,1,970,230031,,
1,23,2306,1,970,230033,,
1,23,2306,1,970,230036,,
1,23,2306,1,970,230037,,
1,23,2306,1,970,230039,,
1,23,2308,1,556,230041,,
1,23,2308,1,556,230044,,
1,23,2308,1,556,230046,,
1,23,2308,1,556,230050,,
1,23,2315,2,924,230051,,
1,23,2315,2,924,230056,1,2
1,23,2309,2,998,230061,1,2
1,23,2309,2,998,230062,1,2
1,23,2309,2,998,230063,1,2
1,23,2309,2,998,230064,1,2
1,23,2309,2,998,230065,1,2
1,23,2309,2,998,230066,1,2
1,23,2309,2,998,230067,1,2
1,23,2309,2,998,230068,1,2
1,23,2309,2,998,230069,1,2
1,23,2309,2,998,230070,1,2
1,23,2304,2,322,230071,1,2
1,23,2304,2,322,230073,1,2
1,23,2304,2,322,230074,2,2
1,23,2304,2,322,230076,1,2
1,23,2304,2,322,230077,2,2
1,23,2304,2,322,230079,1,2
1,23,2311,2,516,230083,2,2
1,23,2311,2,516,230087,2,2
1,23,2311,2,516,230088,2,2
1,23,2311,2,516,230089,1,2
1,23,2311,2,516,230090,2,2
1,23,2302,2,1982,230091,1,2
1,23,2302,2,1982,230092,1,2
1,23,2302,2,1982,230093,1,2
1,23,2302,2,1982,230094,1,2
1,23,2302,2,1982,230095,1,2
1,23,2302,2,1982,230096,1,2
1,23,2302,2,1982,230097,1,2
1,23,2302,2,1982,230098,1,2
1,23,2302,2,1982,230099,1,2
1,23,2302,2,1982,230100,1,2
1,23,2316,1,140,230101,1,2
1,23,2316,1,140,230102,1,2
1,23,2316,1,140,230103,1,2
1,23,2316,1,140,230104,1,2
1,23,2316,1,140,230105,1,2
1,23,2316,1,140,230106,1,2
1,23,2316,1,140,230108,1,2
1,23,2316,1,140,230109,1,2
1,23,2316,1,140,230110,1,2
1,23,2303,2,2348,230111,1,2
1,23,2303,2,2348,230112,1,2
1,23,2303,2,2348,230113,1,2
1,23,2303,2,2348,230114,1,2
1,23,2303,2,2348,230115,1,2
1,23,2303,2,2348,230116,1,2
1,23,2303,2,2348,230117,1,2
1,23,2303,2,2348,230118,1,2
1,23,2303,2,2348,230119,1,2
1,23,2303,2,2348,230120,1,2
6,24,2407,2,396,240161,1,2
6,24,2407,2,396,240162,1,2
6,24,2407,2,396,240163,1,2
6,24,2407,2,396,240164,1,1
6,24,2407,2,396,240165,1,2
6,24,2407,2,396,240166,1,1
6,24,2407,2,396,240167,1,1
6,24,2407,2,396,240168,1,1
6,24,2407,2,396,240169,1,1
6,24,2407,2,396,240170,1,1
1,25,2508,1,2788,250003,1,2
1,25,2508,1,2788,250005,1,1
1,25,2508,1,2788,250007,1,2
1,25,2504,2,222,250011,1,2
1,25,2504,2,222,250012,1,1
1,25,2504,2,222,250013,1,2
1,25,2504,2,222,250014,1,2
1,25,2504,2,222,250015,1,2
1,25,2504,2,222,250016,1,1
1,25,2504,2,222,250017,1,2
1,25,2504,2,222,250018,1,2
1,25,2504,2,222,250020,1,1
1,25,2509,2,248,250021,1,2
1,25,2509,2,248,250022,1,2
1,25,2509,2,248,250023,1,2
1,25,2509,2,248,250024,1,2
1,25,2509,2,248,250025,1,2
1,25,2509,2,248,250026,1,2
1,25,2509,2,248,250027,1,2
1,25,2509,2,248,250028,1,2
1,25,2509,2,248,250029,1,2
1,25,2509,2,248,250030,1,2
1,25,2507,2,814,250032,1,2
1,25,2507,2,814,250033,1,1
1,25,2507,2,814,250034,1,2
1,25,2507,2,814,250035,1,2
1,25,2507,2,814,250036,1,2
1,25,2507,2,814,250037,1,2
1,25,2507,2,814,250038,1,2
1,25,2507,2,814,250039,1,2
1,25,2507,2,814,250040,1,2
1,25,2513,2,128,250041,1,2
1,25,2513,2,128,250042,1,2
1,25,2513,2,128,250043,1,1
1,25,2513,2,128,250044,1,2
1,25,2513,2,128,250045,1,2
1,25,2513,2,128,250046,1,2
1,25,2513,2,128,250047,1,2
1,25,2513,2,128,250048,1,2
1,25,2513,2,128,250049,1,2
1,25,2513,2,128,250050,1,2
1,25,2502,2,728,250051,1,2
1,25,2502,2,728,250052,1,2
1,25,2502,2,728,250053,1,2
1,25,2502,2,728,250054,1,2
1,25,2502,2,728,250055,1,2
1,25,2502,2,728,250056,1,2
1,25,2502,2,728,250057,1,2
1,25,2502,2,728,250058,1,2
1,25,2502,2,728,250059,1,2
1,25,2502,2,728,250060,1,2
1,25,2511,2,1424,250062,1,2
1,25,2511,2,1424,250064,1,1
1,25,2511,2,1424,250065,1,2
1,25,2511,2,1424,250066,1,2
1,25,2511,2,1424,250067,2,2
1,25,2511,2,1424,250068,1,2
1,25,2511,2,1424,250069,1,2
1,25,2511,2,1424,250070,1,2
1,26,2606,1,516,260008,1,2
1,26,2606,1,516,260010,2,2
1,26,2618,2,1276,260021,1,2
1,26,2618,2,1276,260022,1,2
1,26,2618,2,1276,260023,1,2
1,26,2618,2,1276,260024,1,1
1,26,2618,2,1276,260025,1,2
1,26,2618,2,1276,260026,1,2
1,26,2618,2,1276,260029,1,2
1,26,2618,2,1276,260030,1,2
1,26,2618,2,494,260031,1,2
1,26,2618,2,494,260032,1,2
1,26,2618,2,494,260034,1,1
1,26,2618,2,494,260039,1,2
1,26,2618,2,494,260040,1,2
1,26,2615,2,2196,260051,,
1,26,2615,2,2196,260052,,
1,26,2615,2,2196,260053,,
1,26,2615,2,2196,260054,,
1,26,2615,2,2196,260055,,
1,26,2615,2,2196,260056,,
1,26,2615,2,2196,260057,,
1,26,2615,2,2196,260058,,
1,26,2615,2,2196,260059,,
1,26,2615,2,2196,260060,,
1,26,2615,2,2178,260061,1,2
1,26,2615,2,2178,260063,1,2
1,26,2615,2,2178,260064,1,2
1,26,2615,2,2178,260065,1,2
1,26,2615,2,2178,260066,1,2
1,26,2615,2,2178,260067,1,2
1,26,2615,2,2178,260068,1,2
1,26,2615,2,2178,260069,1,2
1,26,2615,2,2178,260070,1,2
1,26,2621,2,100,260071,,
1,26,2621,2,100,260072,,
1,26,2621,2,100,260073,,
1,26,2621,2,100,260074,,
1,26,2621,2,100,260075,,
1,26,2621,2,100,260076,,
1,26,2621,2,100,260077,,
1,26,2621,2,100,260078,,
1,26,2621,2,100,260079,,
1,26,2621,2,100,260080,,
1,26,2611,2,424,260081,1,2
1,26,2611,2,424,260082,1,2
1,26,2611,2,424,260083,1,2
1,26,2611,2,424,260084,1,2
1,26,2611,2,424,260085,1,2
1,26,2611,2,424,260086,1,2
1,26,2611,2,424,260087,1,2
1,26,2611,2,424,260088,1,2
1,26,2611,2,424,260089,1,2
1,26,2611,2,424,260090,1,2
1,26,2605,2,594,260091,1,2
1,26,2605,2,594,260092,1,1
1,26,2605,2,594,260093,1,1
1,26,2605,2,594,260094,1,1
1,26,2605,2,594,260095,1,1
1,26,2605,2,594,260096,1,1
1,26,2605,2,594,260097,1,1
1,26,2605,2,594,260098,1,1
1,26,2605,2,594,260099,1,1
1,26,2605,2,594,260100,1,1
1,26,2603,1,1786,260102,2,2
1,26,2603,1,1786,260103,,
1,26,2603,1,1786,260104,2,2
1,26,2603,1,1786,260107,1,2
1,26,2603,1,1786,260109,1,2
1,26,2603,1,1786,260110,1,2
1,26,2613,2,2248,260121,1,1
1,26,2613,2,2248,260122,1,1
1,26,2613,2,2248,260123,1,1
1,26,2613,2,2248,260124,1,1
1,26,2613,2,2248,260125,1,1
1,26,2613,2,2248,260126,1,2
1,26,2613,2,2248,260127,1,1
1,26,2613,2,2248,260128,1,2
1,26,2613,2,2248,260129,1,2
1,26,2613,2,2248,260130,1,2
1,26,2608,2,820,260131,1,1
1,26,2608,2,820,260132,1,1
1,26,2608,2,820,260133,1,1
1,26,2608,2,820,260134,1,2
1,26,2608,2,820,260135,1,1
1,26,2608,2,820,260136,1,2
1,26,2608,2,820,260138,1,2
1,26,2608,2,820,260139,,
1,26,2608,2,820,260140,1,1
1,26,2601,2,822,260141,1,1
1,26,2601,2,822,260142,1,1
1,26,2601,2,822,260143,,
1,26,2601,2,822,260144,1,1
1,26,2601,2,822,260145,1,2
1,26,2601,2,822,260146,1,1
1,26,2601,2,822,260147,,
1,26,2601,2,822,260148,,
1,26,2601,2,822,260149,1,1
1,26,2601,2,822,260150,1,1
1,26,2613,2,1462,260151,1,1
1,26,2613,2,1462,260152,1,1
1,26,2613,2,1462,260153,,
1,26,2613,2,1462,260154,2,2
1,26,2613,2,1462,260155,,
1,26,2613,2,1462,260156,,
1,26,2613,2,1462,260160,1,2
1,26,2616,2,254,260161,1,2
1,26,2616,2,254,260162,1,1
1,26,2616,2,254,260163,1,1
1,26,2616,2,254,260164,1,1
1,26,2616,2,254,260165,1,2
1,26,2616,2,254,260166,1,2
1,26,2616,2,254,260167,1,1
1,26,2616,2,254,260168,1,1
1,26,2616,2,254,260169,1,1
1,26,2616,2,254,260170,,
1,26,2625,2,926,260171,1,1
1,26,2625,2,926,260172,1,1
1,26,2625,2,926,260173,1,1
1,26,2625,2,926,260174,1,1
1,26,2625,2,926,260175,1,2
1,26,2625,2,926,260176,1,2
1,26,2625,2,926,260177,1,2
1,26,2625,2,926,260178,1,1
1,26,2625,2,926,260179,1,1
1,26,2625,2,926,260180,1,1
6,27,2715,2,752,270021,1,2
6,27,2715,2,752,270023,1,2
6,27,2715,2,752,270024,1,2
6,27,2715,2,752,270025,1,2
6,27,2715,2,752,270026,1,2
6,27,2715,2,752,270027,1,1
6,27,2715,2,752,270028,1,1
6,27,2715,2,752,270029,1,1
6,27,2715,2,752,270030,1,1
6,27,2712,2,110,270047,1,1
6,27,2712,2,110,270050,1,1
6,27,2703,1,1612,270061,2,2
6,27,2719,2,100,270082,1,2
6,27,2719,2,100,270083,1,1
6,27,2719,2,100,270085,1,1
6,27,2719,2,100,270086,1,1
6,27,2719,2,100,270087,1,2
6,27,2719,2,100,270088,1,2
6,27,2719,2,100,270089,1,2
6,27,2719,2,100,270090,1,2
6,28,2806,1,802,280001,2,2
6,28,2806,1,164,280012,2,2
6,28,2806,1,164,280018,2,2
6,28,2806,1,164,280020,1,2
6,28,2816,1,2302,280021,1,2
6,28,2816,1,2302,280022,1,2
6,28,2816,1,2302,280023,1,2
6,28,2816,1,2302,280024,1,1
6,28,2816,1,2302,280025,1,2
6,28,2816,1,2302,280026,1,1
6,28,2816,1,2302,280027,1,2
6,28,2816,1,2302,280028,1,2
6,28,2816,1,2302,280029,1,2
6,28,2816,1,2302,280030,1,2
6,28,2802,2,566,280041,1,2
6,28,2802,2,566,280042,2,2
6,28,2802,2,566,280044,1,2
6,28,2802,2,566,280045,1,2
6,28,2802,2,566,280048,2,2
6,28,2802,2,566,280049,1,2
6,28,2811,2,588,280051,1,1
6,28,2811,2,588,280052,1,1
6,28,2811,2,588,280053,1,2
6,28,2811,2,588,280054,1,2
6,28,2811,2,588,280055,1,2
6,28,2811,2,588,280056,1,1
6,28,2811,2,588,280057,1,1
6,28,2811,2,588,280058,1,1
6,28,2811,2,588,280059,1,1
6,28,2811,2,588,280060,1,1
6,28,2815,2,1164,280061,1,2
6,28,2815,2,1164,280062,1,2
6,28,2815,2,1164,280063,1,2
6,28,2815,2,1164,280065,1,2
6,28,2815,2,1164,280066,1,2
6,28,2815,2,1164,280067,1,2
6,28,2815,2,1164,280068,1,2
6,28,2815,2,1164,280070,1,2
6,28,2816,2,3944,280071,1,2
6,28,2816,2,3944,280072,1,2
6,28,2816,2,3944,280073,1,1
6,28,2816,2,3944,280074,1,2
6,28,2816,2,3944,280075,1,2
6,28,2816,2,3944,280076,1,2
6,28,2816,2,3944,280079,1,2
6,28,2816,2,3944,280080,1,2
6,28,2814,1,1876,280081,1,2
6,28,2814,1,1876,280083,1,2
6,28,2814,1,1876,280084,1,2
6,28,2814,1,1876,280086,1,2
6,28,2814,1,1876,280087,1,2
6,28,2814,1,1876,280088,1,2
6,28,2814,1,1876,280090,1,2
6,28,2810,2,2394,280099,2,2
6,28,2810,1,3722,280102,2,2
6,28,2813,2,612,280111,1,2
6,28,2813,2,612,280112,1,2
6,28,2813,2,612,280113,1,2
6,28,2813,2,612,280115,1,2
6,28,2813,2,612,280116,1,2
6,28,2813,2,612,280117,1,2
6,28,2813,2,612,280118,1,2
6,28,2813,2,612,280119,1,2
6,29,2930,1,530,290003,1,2
6,29,2930,1,530,290007,1,1
6,29,2930,1,1418,290021,1,2
6,29,2930,1,1418,290023,1,2
6,29,2930,1,1300,290039,1,2
6,29,2909,2,220,290042,1,2
6,29,2909,2,220,290043,1,2
6,29,2909,2,220,290046,1,2
6,29,2909,2,220,290047,1,1
6,29,2909,2,220,290048,,
6,29,2909,2,220,290049,2,2
6,29,2909,2,220,290050,1,2
6,29,2905,1,384,290065,1,2
6,29,2905,1,384,290066,1,2
6,29,2905,1,384,290067,1,2
6,29,2905,1,384,290068,1,2
6,29,2905,1,1096,290071,1,2
6,29,2905,1,1096,290076,1,2
6,29,2905,1,1096,290077,2,2
6,29,2905,1,1096,290079,,
6,29,2910,1,350,290082,2,2
6,29,2911,1,746,290091,2,2
6,29,2911,1,746,290094,1,2
6,29,2911,1,746,290097,1,2
6,29,2911,2,1870,290101,1,2
6,29,2911,2,1870,290102,1,2
6,29,2911,2,1870,290103,1,2
6,29,2911,2,1870,290104,1,2
6,29,2911,2,1870,290105,1,2
6,29,2911,2,1870,290106,1,2
6,29,2911,2,1870,290107,1,2
6,29,2911,2,1870,290108,1,2
6,29,2911,2,1870,290109,1,2
6,29,2911,2,1870,290110,1,2
6,29,2923,2,1126,290111,1,2
6,29,2923,2,1126,290112,2,2
6,29,2923,2,1126,290113,1,2
6,29,2923,2,1126,290114,1,2
6,29,2923,2,1126,290116,1,2
6,29,2923,2,1126,290117,1,2
6,29,2923,2,1126,290118,1,2
6,29,2923,2,1126,290120,1,2
6,29,2923,1,396,290124,1,2
6,29,2923,1,396,290126,1,2
6,29,2923,1,396,290127,1,2
6,29,2923,1,396,290128,1,2
6,29,2923,1,396,290129,1,2
6,29,2923,1,396,290130,1,2
6,29,2902,1,1028,290134,1,2
6,29,2902,1,1028,290135,1,2
6,29,2902,1,1028,290137,1,2
6,29,2920,1,506,290142,2,2
6,29,2920,1,1210,290151,1,2
6,29,2920,1,1210,290152,1,2
6,29,2920,1,1210,290153,1,2
6,29,2920,1,1210,290154,1,2
6,29,2920,1,1210,290155,2,2
6,29,2920,1,1210,290158,1,2
6,29,2920,1,1210,290159,2,2
6,29,2914,1,214,290161,,
6,29,2914,1,214,290162,1,2
6,29,2914,1,214,290163,2,2
6,29,2914,1,214,290165,1,2
6,29,2914,1,214,290166,1,2
6,29,2914,1,214,290167,1,2
6,29,2914,1,214,290168,1,2
6,29,2914,1,214,290169,1,2
6,29,2914,1,214,290170,1,2
6,29,2920,2,1628,290172,1,2
6,29,2920,2,1628,290173,1,1
6,29,2920,2,1628,290174,1,2
6,29,2920,2,1628,290175,1,2
6,29,2920,2,1628,290176,1,2
6,29,2920,2,1628,290177,1,2
6,29,2920,2,1628,290178,1,2
6,29,2920,2,1628,290179,1,2
6,29,2920,2,1628,290180,1,2
6,30,3018,2,914,300021,1,2
6,30,3018,2,914,300022,1,2
6,30,3018,2,914,300024,1,2
6,30,3018,2,914,300025,1,1
6,30,3018,2,914,300026,1,1
6,30,3018,2,914,300027,1,2
6,30,3018,2,914,300028,2,2
6,30,3018,2,914,300030,1,2
6,30,3012,2,334,300032,1,2
6,30,3012,2,334,300033,1,1
6,30,3012,2,334,300034,1,1
6,30,3012,2,334,300035,1,1
6,30,3012,2,334,300036,1,2
6,30,3012,2,334,300037,1,1
6,30,3012,2,334,300038,1,2
6,30,3012,2,334,300039,1,2
6,30,3012,2,334,300040,1,2
6,30,3014,2,120,300041,1,1
6,30,3014,2,120,300042,1,2
6,30,3014,2,120,300043,1,1
6,30,3014,2,120,300044,1,1
6,30,3014,2,120,300045,1,1
6,30,3014,2,120,300046,1,2
6,30,3014,2,120,300047,1,1
6,30,3014,2,120,300048,1,2
6,30,3014,2,120,300049,1,2
6,30,3014,2,120,300050,1,1
6,30,3005,1,2942,300095,2,2
6,30,3005,1,2942,300098,2,2
6,30,3020,1,322,300129,2,2
6,30,3002,1,1310,300131,,
6,30,3030,1,946,300151,1,1
6,30,3030,1,946,300152,1,2
6,30,3030,1,946,300153,1,2
6,30,3030,1,946,300154,1,2
6,30,3030,1,946,300156,1,1
6,30,3030,1,946,300158,1,1
6,30,3016,1,390,300162,2,1
6,30,3016,1,390,300164,1,1
6,30,3023,2,622,300171,1,2
6,30,3023,2,622,300172,1,2
6,30,3023,2,622,300175,1,1
6,30,3023,2,622,300176,1,2
6,30,3023,2,622,300177,1,2
6,30,3023,2,622,300178,1,1
6,30,3023,2,622,300180,1,2
6,30,3033,2,554,300181,1,2
6,30,3033,2,554,300182,1,2
6,30,3033,2,554,300183,1,2
6,30,3033,2,554,300184,1,2
6,30,3033,2,554,300185,1,1
6,30,3033,2,554,300186,1,2
6,30,3033,2,554,300187,1,2
6,30,3033,2,554,300188,1,2
6,30,3033,2,554,300189,1,2
6,30,3033,2,554,300190,1,2
6,30,3015,2,1688,300191,1,2
6,30,3015,2,1688,300192,1,2
6,30,3015,2,1688,300193,1,2
6,30,3015,2,1688,300194,1,2
6,30,3015,2,1688,300195,1,2
6,30,3015,2,1688,300196,1,2
6,30,3015,2,1688,300197,1,2
6,30,3015,2,1688,300198,1,1
6,30,3015,2,1688,300199,1,2
6,30,3015,2,1688,300200,1,2
6,30,3032,2,520,300211,1,2
6,30,3032,2,520,300212,1,1
6,30,3032,2,520,300213,1,2
6,30,3032,2,520,300214,1,2
6,30,3032,2,520,300215,2,
6,30,3032,2,520,300216,1,2
6,30,3032,2,520,300217,1,2
6,30,3032,2,520,300218,1,2
6,30,3032,2,520,300219,1,2
6,30,3032,2,520,300220,1,2
6,30,3004,2,216,300221,1,2
6,30,3004,2,216,300223,1,2
6,30,3004,2,216,300224,1,2
6,30,3004,2,216,300225,1,2
6,30,3004,2,216,300226,1,2
6,30,3004,2,216,300227,1,2
6,30,3004,2,216,300229,1,2
6,30,3004,2,216,300230,1,2
1,31,3105,1,2914,310006,1,2
1,31,3105,1,2914,310008,1,1
1,31,3101,2,604,310011,1,1
1,31,3101,2,604,310012,1,2
1,31,3101,2,604,310013,1,1
1,31,3101,2,604,310014,1,1
1,31,3101,2,604,310015,1,1
1,31,3101,2,604,310016,1,1
1,31,3101,2,604,310017,1,2
1,31,3101,2,604,310019,1,2
1,31,3101,2,604,310020,1,2
1,31,3115,2,680,310021,1,2
1,31,3115,2,680,310022,1,2
1,31,3115,2,680,310023,1,1
1,31,3115,2,680,310024,1,2
1,31,3115,2,680,310025,1,1
1,31,3115,2,680,310026,1,1
1,31,3115,2,680,310027,1,1
1,31,3115,2,680,310028,1,2
1,31,3115,2,680,310029,1,2
1,31,3115,2,680,310030,1,2
1,31,3111,2,2966,310031,1,1
1,31,3111,2,2966,310032,1,2
1,31,3111,2,2966,310033,1,2
1,31,3111,2,2966,310034,1,2
1,31,3111,2,2966,310035,1,1
1,31,3111,2,2966,310036,1,2
1,31,3111,2,2966,310037,1,2
1,31,3111,2,2966,310038,1,2
1,31,3111,2,2966,310039,1,2
1,31,3111,2,2966,310040,1,2
1,31,3107,2,1092,310041,1,1
1,31,3107,2,1092,310042,1,1
1,31,3107,2,1092,310043,1,2
1,31,3107,2,1092,310044,1,1
1,31,3107,2,1092,310045,1,2
1,31,3107,2,1092,310046,1,2
1,31,3107,2,1092,310047,1,1
1,31,3107,2,1092,310048,1,1
1,31,3107,2,1092,310049,1,2
1,31,3107,2,1092,310050,1,1
1,31,3107,1,724,310051,2,2
1,31,3107,1,724,310052,1,2
1,31,3107,1,724,310055,1,2
1,31,3107,1,724,310057,1,2
1,31,3107,1,724,310059,1,2
1,31,3107,1,724,310060,1,1
1,31,3113,2,332,310063,1,2
1,31,3113,2,332,310064,1,1
1,31,3113,2,332,310065,1,2
1,31,3113,2,332,310066,1,1
1,31,3113,2,332,310067,1,2
1,31,3113,2,332,310068,1,2
1,31,3113,2,332,310069,1,2
1,31,3113,2,332,310070,1,2
1,31,3109,2,1026,310071,1,2
1,31,3109,2,1026,310072,1,2
1,31,3109,2,1026,310073,1,2
1,31,3109,2,1026,310074,1,2
1,31,3109,2,1026,310075,1,2
1,31,3109,2,1026,310076,1,2
1,31,3109,2,1026,310077,1,2
1,31,3109,2,1026,310078,1,2
1,31,3109,2,1026,310079,1,2
1,31,3109,2,1026,310080,1,2
1,31,3112,2,350,310081,1,1
1,31,3112,2,350,310082,1,2
1,31,3112,2,350,310083,1,2
1,31,3112,2,350,310084,1,1
1,31,3112,2,350,310085,1,2
1,31,3112,2,350,310086,1,2
1,31,3112,2,350,310087,1,2
1,31,3112,2,350,310088,1,2
1,31,3112,2,350,310089,1,2
1,31,3112,2,350,310090,1,1
1,31,3116,2,1344,310092,1,1
1,31,3116,2,1344,310093,1,2
1,31,3116,2,1344,310095,1,2
1,31,3116,2,1344,310096,1,2
1,31,3116,2,1344,310097,1,2
1,31,3116,2,1344,310099,1,2
1,31,3116,2,1344,310100,1,2
1,31,3103,2,874,310101,1,2
1,31,3103,2,874,310102,1,2
1,31,3103,2,874,310103,1,2
1,31,3103,2,874,310104,1,2
1,31,3103,2,874,310105,1,2
1,31,3103,2,874,310106,1,2
1,31,3103,2,874,310107,1,1
1,31,3103,2,874,310108,1,2
1,31,3103,2,874,310109,1,2
1,31,3103,2,874,310110,1,2
5,32,3223,2,578,320031,1,2
5,32,3223,2,578,320032,1,2
5,32,3223,2,578,320033,1,2
5,32,3223,2,578,320034,1,2
5,32,3223,2,578,320035,1,2
5,32,3223,2,578,320036,1,2
5,32,3223,2,578,320037,1,2
5,32,3223,2,578,320038,1,2
5,32,3223,2,578,320039,1,2
5,32,3223,2,578,320040,1,2
5,32,3209,1,1208,320043,1,2
5,32,3209,1,1208,320047,1,1
5,32,3209,1,1208,320048,1,1
5,32,3209,1,1208,320049,1,1
5,32,3213,2,128,320051,1,2
5,32,3213,2,128,320052,1,2
5,32,3213,2,128,320053,1,2
5,32,3201,2,2034,320104,1,1
5,32,3201,2,2034,320105,1,1
5,32,3201,2,2034,320117,1,1
5,32,3201,2,2034,320118,1,1
5,32,3201,2,2034,320119,1,1
5,32,3201,2,2034,320122,1,1
5,32,3203,2,2644,320124,1,1
5,32,3203,2,2644,320126,1,1
5,32,3203,2,2644,320127,1,1
5,32,3203,2,2644,320128,1,1
5,32,3203,2,2644,320129,1,1
5,32,3203,2,2644,320131,1,1
5,32,3203,2,2644,320133,1,2
5,32,3202,2,84,320135,1,1
5,32,3202,2,84,320136,1,1
5,32,3202,2,84,320138,1,1
5,32,3202,2,84,320139,1,1
5,32,3202,2,84,320140,1,1
5,32,3202,2,84,320141,1,1
5,32,3202,2,84,320143,1,2
5,32,3216,2,1184,320144,1,1
5,32,3216,2,1184,320146,1,1
5,32,3216,2,1184,320147,1,1
5,32,3223,2,390,320151,1,2
5,32,3223,2,390,320152,1,2
5,32,3223,2,390,320153,1,2
5,32,3223,2,390,320156,1,2
5,32,3223,2,390,320157,1,1
5,32,3223,2,390,320158,1,2
5,32,3223,2,390,320159,1,2
5,32,3223,2,390,320160,2,2
5,32,3221,2,132,320163,1,2
5,32,3221,2,132,320165,1,2
5,32,3221,2,132,320166,1,2
5,32,3221,2,132,320169,1,2
5,32,3210,2,1692,320171,1,2
5,32,3210,2,1692,320172,1,2
5,32,3210,2,1692,320173,1,2
5,32,3210,2,1692,320174,1,1
5,32,3210,2,1692,320175,1,2
5,32,3210,2,1692,320177,1,2
5,32,3210,2,1692,320179,1,2
5,32,3213,2,128,320181,1,2
5,32,3213,2,128,320182,1,2
5,32,3213,2,128,320183,1,2
5,32,3213,2,128,320184,1,2
5,32,3213,2,128,320185,1,2
5,32,3213,2,128,320186,1,2
5,32,3216,2,1184,320187,1,1
5,32,3213,2,128,320191,1,2
5,32,3212,2,314,320193,1,2
5,32,3212,2,314,320195,1,2
5,32,3212,2,314,320208,1,2
5,32,3212,2,314,320210,1,2
3,33,3321,1,1182,330002,1,2
3,33,3321,1,1182,330005,1,2
3,33,3321,1,1182,330006,1,2
3,33,3321,1,1182,330007,1,2
3,33,3321,1,1182,330008,1,2
3,33,3321,1,1182,330009,1,2
3,33,3321,1,1182,330010,1,2
3,33,3311,1,702,330011,1,2
3,33,3311,1,702,330012,1,2
3,33,3311,1,702,330013,1,2
3,33,3311,1,702,330014,1,2
3,33,3311,1,702,330015,1,2
3,33,3311,1,702,330016,1,2
3,33,3311,1,702,330017,1,2
3,33,3311,1,702,330018,1,2
3,33,3311,1,702,330019,1,2
3,33,3311,1,702,330020,1,2
3,33,3310,2,476,330021,1,2
3,33,3310,2,476,330022,1,2
3,33,3310,2,476,330023,1,2
3,33,3310,2,476,330024,1,2
3,33,3310,2,476,330025,1,2
3,33,3310,2,476,330026,1,2
3,33,3310,2,476,330027,,
3,33,3310,2,476,330028,1,2
3,33,3310,2,476,330029,1,2
3,33,3310,2,476,330030,1,2
3,33,3323,2,92,330031,1,2
3,33,3323,2,92,330032,1,2
3,33,3323,2,92,330033,1,2
3,33,3323,2,92,330034,1,2
3,33,3323,2,92,330035,1,2
3,33,3323,2,92,330036,1,2
3,33,3323,2,92,330037,1,2
3,33,3323,2,92,330038,1,2
3,33,3323,2,92,330039,,
3,33,3323,2,92,330040,1,2
3,33,3318,2,30,330041,1,2
3,33,3318,2,30,330042,1,2
3,33,3318,2,30,330043,1,2
3,33,3318,2,30,330044,1,2
3,33,3318,2,30,330045,1,2
3,33,3318,2,30,330046,1,2
3,33,3318,2,30,330047,1,2
3,33,3318,2,30,330048,1,2
3,33,3318,2,30,330049,1,2
3,33,3318,2,30,330050,1,2
3,33,3313,2,930,330051,1,2
3,33,3313,2,930,330052,1,2
3,33,3313,2,930,330053,1,2
3,33,3313,2,930,330055,1,2
3,33,3313,2,930,330056,1,2
3,33,3313,2,930,330057,1,2
3,33,3313,2,930,330058,1,2
3,33,3313,2,930,330059,1,2
3,33,3313,2,930,330060,1,2
3,33,3304,2,418,330061,1,2
3,33,3304,2,418,330062,1,2
3,33,3304,2,418,330063,1,2
3,33,3304,2,418,330064,1,2
3,33,3304,2,418,330065,1,2
3,33,3304,2,418,330066,1,2
3,33,3304,2,418,330067,1,2
3,33,3304,2,418,330068,1,2
3,33,3304,2,418,330069,1,2
3,33,3304,2,418,330070,1,2
3,33,3307,2,688,330071,1,2
3,33,3307,2,688,330072,1,2
3,33,3307,2,688,330073,1,2
3,33,3307,2,688,330074,1,2
3,33,3307,2,688,330075,1,2
3,33,3307,2,688,330076,1,2
3,33,3307,2,688,330077,1,2
3,33,3307,2,688,330078,1,2
3,33,3307,2,688,330079,1,2
3,33,3307,2,688,330080,1,2
2,34,3401,2,526,340001,1,2
2,34,3401,2,526,340002,1,2
2,34,3401,2,526,340003,1,1
2,34,3401,2,526,340004,1,2
2,34,3401,2,526,340005,1,1
2,34,3401,2,526,340006,1,1
2,34,3401,2,526,340007,1,1
2,34,3401,2,526,340008,1,1
2,34,3401,2,526,340009,1,2
2,34,3401,2,526,340010,1,1
2,34,3415,2,268,340011,1,1
2,34,3415,2,268,340012,1,2
2,34,3415,2,268,340013,1,1
2,34,3415,2,268,340014,1,2
2,34,3415,2,268,340016,1,1
2,34,3415,2,268,340017,1,2
2,34,3415,2,268,340018,1,1
2,34,3415,2,268,340019,1,2
2,34,3415,2,268,340020,1,2
2,34,3405,2,1706,340021,1,1
2,34,3405,2,1706,340022,1,1
2,34,3405,2,1706,340023,1,1
2,34,3405,2,1706,340024,1,2
2,34,3405,2,1706,340025,1,2
2,34,3405,2,1706,340026,1,1
2,34,3405,2,1706,340027,1,1
2,34,3405,2,1706,340028,1,1
2,34,3405,2,1706,340029,1,2
2,34,3405,2,1706,340030,1,1
2,34,3405,2,456,340031,1,2
2,34,3405,2,456,340032,1,1
2,34,3405,2,456,340033,1,2
2,34,3405,2,456,340034,1,1
2,34,3405,2,456,340035,1,1
2,34,3405,2,456,340036,1,1
2,34,3405,2,456,340037,1,1
2,34,3405,2,456,340038,1,1
2,34,3405,2,456,340039,1,2
2,34,3405,2,456,340040,1,1
2,34,3410,2,42,340041,1,1
2,34,3410,2,42,340043,1,1
2,34,3410,2,42,340044,1,2
2,34,3410,2,42,340045,1,1
2,34,3410,2,42,340046,1,2
2,34,3410,2,42,340047,1,1
2,34,3410,2,42,340048,1,1
2,34,3410,2,42,340049,1,1
2,34,3410,2,42,340050,1,1
2,34,3412,2,156,340051,1,1
2,34,3412,2,156,340052,1,1
2,34,3412,2,156,340053,1,1
2,34,3412,2,156,340054,1,2
2,34,3412,2,156,340055,1,1
2,34,3412,2,156,340056,1,1
2,34,3412,2,156,340057,1,1
2,34,3412,2,156,340058,1,1
2,34,3412,2,156,340059,1,1
2,34,3412,2,156,340060,1,2
2,34,3413,2,262,340061,1,1
2,34,3413,2,262,340062,1,1
2,34,3413,2,262,340063,1,1
2,34,3413,2,262,340064,1,1
2,34,3413,2,262,340065,1,1
2,34,3413,2,262,340066,1,1
2,34,3413,2,262,340067,1,1
2,34,3413,2,262,340068,1,2
2,34,3413,2,262,340069,1,1
2,34,3413,2,262,340070,1,2
2,34,3403,2,198,340071,1,1
2,34,3403,2,198,340072,1,1
2,34,3403,2,198,340073,1,1
2,34,3403,2,198,340074,1,1
2,34,3403,2,198,340075,1,1
2,34,3403,2,198,340076,1,1
2,34,3403,2,198,340077,1,1
2,34,3403,2,198,340078,1,1
2,34,3403,2,198,340079,1,1
2,34,3403,2,198,340080,1,1
2,34,3408,2,870,340081,1,1
2,34,3408,2,870,340082,1,2
2,34,3408,2,870,340084,1,1
2,34,3408,2,870,340085,1,1
2,34,3408,2,870,340086,1,1
2,34,3408,2,870,340087,1,1
2,34,3408,2,870,340088,1,2
2,34,3408,2,870,340089,1,2
2,35,3503,1,54,350002,,
2,35,3503,1,54,350003,1,2
2,35,3503,1,54,350004,,
2,35,3503,1,54,350006,1,2
2,35,3503,1,54,350009,1,2
2,35,3503,1,54,350010,1,2
2,35,3507,2,746,350011,1,2
2,35,3507,2,746,350012,1,2
2,35,3507,2,746,350013,,
2,35,3507,2,746,350014,1,2
2,35,3507,2,746,350015,1,1
2,35,3507,2,746,350016,1,1
2,35,3507,2,746,350017,1,1
2,35,3507,2,746,350018,1,2
2,35,3507,2,746,350019,,
2,35,3507,2,746,350020,1,2
2,35,3515,2,316,350021,1,2
2,35,3515,2,316,350022,1,2
2,35,3515,2,316,350023,1,1
2,35,3515,2,316,350024,1,2
2,35,3515,2,316,350025,1,2
2,35,3515,2,316,350026,1,1
2,35,3515,2,316,350027,1,1
2,35,3515,2,316,350028,1,2
2,35,3515,2,316,350029,1,2
2,35,3515,2,316,350030,1,1
2,35,3516,2,1632,350031,1,1
2,35,3516,2,1632,350032,1,2
2,35,3516,2,1632,350033,1,2
2,35,3516,2,1632,350034,1,2
2,35,3516,2,1632,350035,1,2
2,35,3516,2,1632,350036,1,2
2,35,3516,2,1632,350037,1,2
2,35,3516,2,1632,350038,1,2
2,35,3516,2,1632,350039,1,2
2,35,3516,2,1632,350040,1,1
2,35,3506,2,1040,350041,1,2
2,35,3506,2,1040,350042,,
2,35,3506,2,1040,350043,1,2
2,35,3506,2,1040,350044,1,2
2,35,3506,2,1040,350045,1,2
2,35,3506,2,1040,350046,1,2
2,35,3506,2,1040,350047,1,2
2,35,3506,2,1040,350048,1,2
2,35,3506,2,1040,350049,1,2
2,35,3506,2,1040,350050,1,2
2,35,3511,2,1646,350051,1,1
2,35,3511,2,1646,350052,,
2,35,3511,2,1646,350053,1,1
2,35,3511,2,1646,350054,1,2
2,35,3511,2,1646,350056,1,2
2,35,3511,2,1646,350057,1,2
2,35,3511,2,1646,350059,1,2
2,35,3511,2,1646,350060,1,2
2,35,3513,2,576,350061,1,2
2,35,3513,2,576,350062,1,2
2,35,3513,2,576,350063,1,2
2,35,3513,2,576,350064,1,2
2,35,3513,2,576,350065,1,2
2,35,3513,2,576,350066,1,2
2,35,3513,2,576,350067,1,2
2,35,3513,2,576,350068,1,2
2,35,3513,2,576,350069,1,1
2,35,3513,2,576,350070,1,2
2,35,3513,1,1278,350077,,
2,35,3501,2,1228,350081,1,2
2,35,3501,2,1228,350082,1,2
2,35,3501,2,1228,350083,,
2,35,3501,2,1228,350084,,
2,35,3501,2,1228,350085,1,2
2,35,3501,2,1228,350086,,
2,35,3501,2,1228,350087,,
2,35,3501,2,1228,350088,1,2
2,35,3501,2,1228,350089,1,2
2,35,3501,1,702,350092,1,2
2,35,3501,1,702,350093,,
2,35,3501,1,702,350094,,
2,35,3501,1,702,350095,1,2
2,35,3501,1,702,350096,1,2
2,35,3501,1,702,350097,1,2
2,35,3509,2,1310,350101,1,2
2,35,3509,2,1310,350102,1,2
2,35,3509,2,1310,350103,1,2
2,35,3509,2,1310,350104,1,2
2,35,3509,2,1310,350105,1,1
2,35,3509,2,1310,350106,1,2
2,35,3509,2,1310,350107,1,2
2,35,3509,2,1310,350108,1,2
2,35,3509,2,1310,350109,1,2
2,35,3509,2,1310,350110,1,2
2,35,3509,2,2276,350111,1,1
2,35,3509,2,2276,350112,1,2
2,35,3509,2,2276,350113,1,1
2,35,3509,2,2276,350114,1,2
2,35,3509,2,2276,350115,1,1
2,35,3509,2,2276,350116,1,2
2,35,3509,2,2276,350117,1,2
2,35,3509,2,2276,350118,1,2
2,35,3509,2,2276,350119,1,1
2,35,3509,2,2276,350120,1,2
2,35,3504,2,1288,350121,1,1
2,35,3504,2,1288,350122,1,2
2,35,3504,2,1288,350123,1,2
2,35,3504,2,1288,350124,1,2
2,35,3504,2,1288,350125,1,2
2,35,3504,2,1288,350126,1,2
2,35,3504,2,1288,350127,1,2
2,35,3504,2,1288,350128,1,1
2,35,3504,2,1288,350129,1,2
2,35,3504,2,1288,350130,1,2
3,36,3607,1,2596,360001,1,2
3,36,3607,1,2596,360003,1,2
3,36,3607,1,2596,360009,1,2
3,36,3605,2,240,360011,1,2
3,36,3605,2,240,360012,1,2
3,36,3605,2,240,360013,1,1
3,36,3605,2,240,360014,1,1
3,36,3605,2,240,360015,1,2
3,36,3605,2,240,360016,1,2
3,36,3605,2,240,360017,1,1
3,36,3605,2,240,360018,1,2
3,36,3605,2,240,360019,1,2
3,36,3605,2,240,360020,1,2
3,36,3603,2,978,360021,1,2
3,36,3603,2,978,360022,1,2
3,36,3603,2,978,360023,1,2
3,36,3603,2,978,360025,1,2
3,36,3603,2,978,360026,1,1
3,36,3603,2,978,360027,1,2
3,36,3603,2,978,360028,1,2
3,36,3603,2,978,360029,1,2
3,36,3603,2,978,360030,1,2
3,36,3608,2,2078,360031,1,2
3,36,3608,2,2078,360032,1,2
3,36,3608,2,2078,360033,1,2
3,36,3608,2,2078,360034,1,2
3,36,3608,2,2078,360035,1,2
3,36,3608,2,2078,360036,1,2
3,36,3608,2,2078,360037,1,2
3,36,3608,2,2078,360038,1,2
3,36,3608,2,2078,360039,1,2
3,36,3608,2,2078,360040,1,2
3,36,3613,2,1066,360041,1,2
3,36,3613,2,1066,360042,1,2
3,36,3613,2,1066,360043,1,2
3,36,3613,2,1066,360044,1,2
3,36,3613,2,1066,360045,1,2
3,36,3613,2,1066,360046,1,2
3,36,3613,2,1066,360047,1,2
3,36,3613,2,1066,360048,1,2
3,36,3613,2,1066,360049,1,2
3,36,3613,2,1066,360050,1,2
3,36,3610,2,1826,360051,1,2
3,36,3610,2,1826,360052,1,2
3,36,3610,2,1826,360053,1,2
3,36,3610,2,1826,360054,1,2
3,36,3610,2,1826,360055,1,2
3,36,3610,2,1826,360056,1,2
3,36,3610,2,1826,360057,1,2
3,36,3610,2,1826,360058,1,2
3,36,3610,2,1826,360059,1,2
3,36,3610,2,1826,360060,1,2
3,36,3601,2,1214,360061,1,2
3,36,3601,2,1214,360062,1,2
3,36,3601,2,1214,360063,1,2
3,36,3601,2,1214,360064,1,2
3,36,3601,2,1214,360065,1,2
3,36,3601,2,1214,360066,1,2
3,36,3601,2,1214,360067,1,2
3,36,3601,2,1214,360068,1,2
3,36,3601,2,1214,360069,1,2
3,36,3601,2,1214,360070,1,2
3,36,3612,1,1474,360071,1,2
3,36,3612,1,1474,360072,1,2
3,36,3612,1,1474,360073,1,2
3,36,3612,1,1474,360074,1,2
3,36,3612,1,1474,360075,1,2
3,36,3612,1,1474,360076,1,2
3,36,3612,1,1474,360077,1,2
3,36,3612,1,1474,360078,1,2
3,36,3612,1,1474,360079,1,2
3,36,3612,1,1474,360080,1,2
3,36,3606,2,1956,360081,1,2
3,36,3606,2,1956,360082,1,2
3,36,3606,2,1956,360083,1,2
3,36,3606,2,1956,360084,1,2
3,36,3606,2,1956,360085,1,2
3,36,3606,2,1956,360086,1,2
3,36,3606,2,1956,360087,1,2
3,36,3606,2,1956,360088,1,2
3,36,3606,2,1956,360089,1,2
3,36,3606,2,1956,360090,1,2
1,37,3706,1,156,370011,2,1
1,37,3706,1,156,370013,1,2
1,37,3706,1,156,370017,1,1
1,37,3706,1,156,370019,1,1
1,37,3706,2,6,370031,1,2
1,37,3706,2,6,370032,1,2
1,37,3706,2,6,370033,1,2
1,37,3706,2,6,370034,1,2
1,37,3706,2,6,370035,1,2
1,37,3706,2,6,370036,1,2
1,37,3706,2,6,370037,1,2
1,37,3706,2,6,370038,1,2
1,37,3706,2,6,370039,1,2
1,37,3706,2,6,370040,1,2
